,Duration (ms),Danceability,Energy,Key,Loudness,Mode,Speechiness,Acousticness,Instrumentalness,Liveness,Valence,Tempo,Duration_ms,Time_Signature
0,161240,0.815,0.834,4,-2.828,0,0.0475,0.0327,0.000268,0.27,0.692,129.989,161240,4
1,121226,0.899,0.823,11,-5.002,0,0.114,0.0264,0.00222,0.342,0.625,123.983,121227,4
2,152186,0.795,0.869,4,-4.456,0,0.116,0.0927,0,0.109,0.525,121.941,152187,4
3,174386,0.755,0.87,1,-2.414,0,0.0936,0.00988,0,0.0917,0.645,124.032,174387,4
4,178453,0.726,0.91,4,-1.948,0,0.179,0.0413,7.81E-06,0.479,0.648,135.966,178453,4
5,191100,0.566,0.769,7,-4.342,1,0.0872,0.0183,0,0.108,0.385,170.036,191100,4
6,160520,0.838,0.823,8,-3.929,0,0.164,0.0864,7.12E-05,0.156,0.759,94.024,160520,4
7,217088,0.66,0.787,1,-4.592,0,0.032,0.00257,0,0.323,0.199,142.018,217088,4
8,171666,0.8,0.87,0,-5.787,0,0.0832,0.0693,0.000584,0.0742,0.434,120.06,171667,4
9,187644,0.557,0.739,6,-3.686,0,0.254,0.00148,0,0.0663,0.768,176.001,187644,4
10,179706,0.736,0.663,1,-4.37,0,0.121,0.187,0,0.11,0.753,92.924,179707,4
11,198826,0.815,0.813,3,-5.901,0,0.0434,0.0012,5.96E-05,0.246,0.584,124.975,198827,4
12,193398,0.632,0.914,1,-3.513,1,0.142,0.00339,0,0.134,0.591,134.899,193399,4
13,244300,0.878,0.732,1,-5.197,1,0.0442,0.108,0,0.105,0.828,126.987,244300,4
14,248026,0.704,0.852,11,-4.13,1,0.0427,0.0339,0,0.125,0.693,147.944,248027,4
15,214478,0.803,0.903,5,-5.071,0,0.0508,0.00793,3.91E-06,0.132,0.665,130.002,214479,4
16,204000,0.615,0.888,3,-4.79,1,0.0303,0.165,0,0.204,0.74,131.995,204000,4
17,239261,0.741,0.896,3,-2.445,0,0.104,0.0447,0,0.389,0.886,123.018,239262,4
18,203148,0.79,0.918,8,-4.223,1,0.0718,0.046,0,0.291,0.752,108.977,203148,4
19,214973,0.644,0.872,6,-1.54,0,0.0417,0.164,0,0.363,0.378,131.016,214973,4
20,197040,0.757,0.898,11,-1.247,0,0.0667,0.0138,0,0.0703,0.842,114.949,197040,4
21,203216,0.782,0.767,0,-5.383,1,0.0529,0.11,0.00323,0.496,0.548,115.027,203216,4
22,238143,0.727,0.879,9,-1.167,1,0.129,0.124,1.17E-05,0.244,0.671,146.959,238144,4
23,149718,0.586,0.816,7,-6.331,1,0.283,0.0911,2.81E-06,0.235,0.265,119.8,149719,4
24,221573,0.82,0.852,11,-2.567,0,0.166,0.488,5.94E-06,0.0907,0.82,109.036,221573,4
25,174933,0.612,0.912,2,-2.853,1,0.0796,0.064,0.000799,0.0843,0.472,90.006,174933,4
26,195053,0.75,0.718,2,-2.817,0,0.0468,0.0814,1.75E-05,0.322,0.592,90.027,195053,4
27,240440,0.57,0.974,3,-0.173,0,0.325,0.115,0.000594,0.125,0.65,171.958,240440,4
28,210560,0.7,0.753,11,-3.841,0,0.0441,0.0539,1.72E-05,0.072,0.146,97.998,210560,4
29,229678,0.497,0.431,5,-4.755,0,0.0287,0.66,0,0.153,0.167,133.675,229678,4
30,223706,0.294,0.342,1,-6.341,1,0.0395,0.469,6.79E-06,0.0958,0.229,135.084,223707,4
31,211330,0.43,0.814,7,-3.667,1,0.123,0.702,2.52E-06,0.125,0.406,179.988,211331,4
32,256305,0.298,0.562,3,-5.193,1,0.0313,0.788,0,0.203,0.217,136.687,256305,4
33,233813,0.608,0.876,7,-1.997,0,0.0557,0.228,0,0.107,0.247,129.963,233813,4
34,256173,0.439,0.564,6,-6.711,1,0.0408,0.408,0,0.108,0.167,131.715,256173,4
35,220437,0.627,0.857,7,-2.948,1,0.0808,0.214,0,0.0974,0.878,83.896,220438,4
36,263802,0.405,0.416,9,-4.6,1,0.0339,0.811,0,0.0886,0.302,72.854,263803,4
37,221746,0.384,0.419,8,-5.321,1,0.0368,0.729,0,0.122,0.17,129.619,221747,4
38,235666,0.592,0.601,10,-3.411,1,0.0296,0.662,0,0.141,0.212,129.006,235667,4
39,179808,0.758,0.858,5,-2.502,1,0.0464,0.43,0,0.201,0.963,119.992,179808,4
40,219533,0.701,0.968,1,-0.913,1,0.078,0.103,0,0.832,0.913,100.009,219533,4
41,196522,0.661,0.97,0,-1.802,1,0.091,0.137,0,0.887,0.773,125.993,196522,4
42,224948,0.744,0.852,8,-2.79,0,0.0365,0.11,0,0.0634,0.812,123.938,224948,4
43,214588,0.743,0.883,11,-2.016,1,0.0374,0.307,0,0.304,0.881,109.979,214589,4
44,187024,0.603,0.876,5,-3.217,0,0.25,0.0745,0,0.447,0.887,187.936,187025,4
45,221778,0.802,0.864,7,-3.888,1,0.0639,0.0293,0,0.335,0.745,111.994,221779,4
46,202680,0.601,0.871,7,-1.469,1,0.0619,0.0374,0,0.391,0.66,127.978,202680,4
47,191226,0.758,0.93,5,-1.483,0,0.0547,0.448,0,0.334,0.943,104.971,191226,4
48,215197,0.659,0.834,6,-2.901,1,0.0473,0.0335,5.09E-06,0.0364,0.679,103.007,215198,4
49,198365,0.83,0.791,5,-5.185,0,0.049,0.027,0,0.343,0.466,119.024,198366,4
50,187310,0.532,0.896,8,-4.356,1,0.184,0.00869,0,0.106,0.479,150.06,187311,4
51,209538,0.68,0.709,2,-6.427,1,0.08,0.0306,3.43E-06,0.32,0.355,144.01,209538,4
52,197025,0.482,0.884,6,-4.538,0,0.0668,0.000677,0.000575,0.0883,0.377,171.915,197026,4
53,207921,0.555,0.89,9,-5.349,1,0.132,0.00399,0,0.0506,0.581,181.963,207922,4
54,196670,0.692,0.835,6,-4.978,0,0.0628,0.0517,0,0.134,0.566,80.017,196670,4
55,206565,0.588,0.592,7,-4.934,1,0.0736,0.0241,0,0.123,0.193,140.193,206565,4
56,217485,0.607,0.711,11,-4.966,0,0.222,0.0319,0,0.471,0.512,179.952,217486,3
57,199013,0.572,0.964,4,-1.949,0,0.123,0.0503,0,0.372,0.519,129.979,199013,4
58,230477,0.695,0.828,2,-5.329,1,0.0506,0.0176,1.11E-06,0.0953,0.363,100.003,230477,4
59,213053,0.438,0.632,7,-4.447,0,0.0417,0.434,0,0.214,0.386,61.45,213053,4
60,210893,0.706,0.692,1,-4.084,0,0.0483,0.338,0,0.113,0.526,136.078,210893,4
61,227173,0.649,0.767,11,-3.838,0,0.0455,0.24,0,0.0929,0.608,149.918,227173,4
62,222415,0.718,0.476,4,-9.205,1,0.139,0.422,0,0.0876,0.448,48.973,222415,4
63,235509,0.674,0.589,6,-3.806,0,0.112,0.267,0,0.312,0.577,83.985,235509,4
64,205293,0.684,0.595,4,-5.423,0,0.0364,0.286,8.55E-06,0.106,0.564,95.059,205293,4
65,256693,0.635,0.562,5,-5.374,1,0.0333,0.85,0,0.173,0.299,84.925,256693,4
66,193930,0.606,0.46,4,-9.171,1,0.0402,0.853,4.09E-06,0.0933,0.131,124.117,193931,4
67,220177,0.69,0.843,1,-2.949,1,0.0534,0.0167,0,0.346,0.428,135.01,220178,4
68,231626,0.723,0.828,11,-3.498,0,0.0729,0.00455,0,0.0405,0.433,130.01,231627,4
69,256359,0.687,0.914,6,-5.02,1,0.0437,0.166,0,0.0858,0.675,126.001,256360,4
70,219370,0.639,0.692,3,-4.127,1,0.107,0.338,0,0.356,0.488,89.846,219371,4
71,188369,0.68,0.584,8,-4.457,1,0.034,0.443,0,0.0628,0.239,118.06,188369,4
72,231748,0.716,0.763,0,-3.001,0,0.0945,0.147,0,0.271,0.575,90.101,231748,4
73,211926,0.68,0.846,0,-4.217,1,0.0498,0.103,0,0.115,0.659,124.984,211927,4
74,264215,0.672,0.46,1,-6.213,1,0.0292,0.521,0,0.144,0.204,141.822,264216,4
75,233098,0.608,0.706,7,-7.275,1,0.0853,0.0595,0,0.056,0.357,124.985,233099,4
76,279655,0.614,0.666,1,-3.087,0,0.0541,0.455,0,0.23,0.299,143.858,279656,4
77,182956,0.812,0.761,11,-5.222,1,0.0812,0.0465,0.000135,0.0601,0.344,130.032,182956,4
78,186964,0.693,0.734,4,-6.189,1,0.202,0.0145,0,0.217,0.708,180.06,186964,4
79,175889,0.818,0.69,0,-5.119,1,0.0454,0.00327,0,0.186,0.688,110.071,175889,3
80,179172,0.915,0.621,7,-6.519,1,0.1,0.0745,0,0.628,0.527,131.984,179173,4
81,213264,0.786,0.852,8,-2.687,1,0.0813,0.0687,0,0.0759,0.455,125.036,213264,4
82,162000,0.715,0.738,2,-4.42,1,0.0577,0.00199,0,0.208,0.36,160.07,162000,4
83,194765,0.654,0.707,6,-5.661,1,0.0664,0.00559,0,0.0873,0.448,127.97,194765,4
84,191050,0.763,0.835,2,-5.234,0,0.191,0.323,0.00221,0.225,0.645,131.875,191050,4
85,201122,0.701,0.556,9,-7.42,0,0.0414,0.00886,0.000122,0.106,0.333,152.045,201122,4
86,211350,0.668,0.828,4,-5.034,0,0.0739,0.036,0,0.0932,0.393,140.042,211350,4
87,236829,0.633,0.736,7,-5.775,1,0.131,0.65,0,0.128,0.477,168.05,236829,4
88,219917,0.506,0.929,6,-2.265,1,0.0914,0.198,0,0.381,0.516,77.462,219918,4
89,239571,0.409,0.743,1,-4.536,1,0.0496,0.225,0,0.276,0.441,167.864,239572,4
90,226560,0.674,0.749,0,-4.174,1,0.0345,0.345,0,0.289,0.65,98.006,226561,4
91,259306,0.634,0.832,2,-3.44,1,0.0355,0.237,0,0.085,0.636,79.996,259307,4
92,221466,0.613,0.906,11,-2.803,1,0.188,0.0923,0,0.0715,0.638,179.952,221467,4
93,217887,0.741,0.959,9,-1.414,1,0.0571,0.004,1.23E-05,0.355,0.41,110.016,217887,4
94,253186,0.581,0.777,10,-4.74,1,0.0457,0.543,0,0.359,0.532,75.995,253187,4
95,248133,0.529,0.646,1,-5.229,1,0.0702,0.162,0,0.363,0.408,135.881,248133,4
96,223066,0.696,0.909,5,-3.547,0,0.0695,0.311,0,0.466,0.645,117.01,223066,4
97,199053,0.746,0.765,6,-4.41,0,0.0993,0.0112,0,0.0936,0.737,114.044,199054,4
98,242333,0.557,0.719,2,-4.515,0,0.0371,0.00267,0,0.306,0.345,77.502,242334,4
99,229953,0.617,0.589,7,-5.978,1,0.0345,0.0268,0,0.378,0.566,92.991,229953,4
100,164952,0.759,0.459,8,-5.187,1,0.0948,0.00323,0,0.0788,0.695,109.997,164952,4
101,204939,0.724,0.818,8,-3.747,1,0.168,0.0201,0,0.0358,0.696,77.004,204940,4
102,229773,0.645,0.862,11,-4.761,0,0.0845,0.0933,0,0.193,0.803,119.947,229773,4
103,207481,0.566,0.716,1,-5.733,1,0.0424,0.00691,0,0.37,0.45,81.068,207481,4
104,274097,0.539,0.846,8,-3.192,1,0.0354,0.00631,1.71E-06,0.13,0.462,106.994,274097,4
105,192441,0.558,0.526,0,-4.686,0,0.033,0.431,0,0.126,0.202,124.709,192441,4
106,196773,0.774,0.669,6,-3.693,1,0.0313,0.516,0,0.0918,0.617,94.982,196773,4
107,229651,0.317,0.652,7,-4.745,1,0.0367,0.523,0,0.101,0.257,90.111,229652,4
108,145360,0.594,0.554,11,-5.004,1,0.0386,0.465,0,0.133,0.668,77.527,145360,4
109,219336,0.57,0.65,8,-8.072,0,0.0484,0.28,0,0.147,0.738,80.012,219336,4
110,181161,0.692,0.71,10,-5.64,1,0.0616,0.0861,0,0.0478,0.681,82.016,181162,4
111,193293,0.677,0.443,0,-6.856,1,0.21,0.593,0,0.124,0.528,74.816,193293,4
112,192441,0.364,0.419,0,-9.52,0,0.0338,0.103,0.254,0.107,0.0989,81.638,192441,5
113,188053,0.76,0.811,6,-1.682,0,0.308,0.162,0,0.133,0.728,149.966,188053,4
114,206164,0.802,0.893,11,-4.103,1,0.0852,0.0614,0,0.226,0.593,120.003,206165,4
115,212026,0.741,0.91,5,-1.602,0,0.0455,0.163,0,0.174,0.707,89.974,212027,4
116,194386,0.767,0.793,0,-1.438,0,0.0583,0.11,5.81E-05,0.248,0.691,128,194387,4
117,216973,0.662,0.942,2,-2.557,1,0.0816,0.0523,7.20E-05,0.0937,0.578,155.998,216973,4
118,195680,0.697,0.857,11,-3.272,0,0.0408,0.00183,1.24E-05,0.345,0.41,104.02,195680,4
119,191840,0.739,0.825,9,-2.499,1,0.0542,0.0523,0,0.0682,0.782,127.01,191840,4
120,181266,0.758,0.931,7,-0.867,1,0.045,0.153,9.43E-05,0.0831,0.797,123.966,181267,4
121,198458,0.635,0.745,7,-3.984,1,0.0299,0.304,0,0.221,0.538,90.994,198459,4
122,200760,0.608,0.79,4,-1.481,0,0.0791,0.118,0,0.212,0.689,168.089,200760,4
123,239159,0.775,0.799,2,-3.463,0,0.0388,0.517,0,0.267,0.907,99.934,239160,4
124,225720,0.666,0.908,5,-2.819,0,0.056,0.0323,0,0.383,0.655,155.048,225720,4
125,177000,0.79,0.888,10,-3.589,0,0.0479,0.034,4.48E-06,0.0783,0.946,148.028,177000,4
126,210478,0.621,0.873,11,-2.888,0,0.103,0.0194,0,0.488,0.401,169.91,210478,4
127,193609,0.728,0.821,0,-3.129,1,0.0419,0.0307,0,0.0386,0.816,108.001,193609,4
128,193253,0.752,0.804,11,-3.512,0,0.0656,0.022,1.76E-05,0.0865,0.795,146.943,193253,4
129,181975,0.76,0.722,6,-4.429,0,0.0908,0.00785,0.000326,0.116,0.687,120.055,181976,4
130,197506,0.879,0.846,4,-2.309,0,0.0375,0.0707,0,0.0797,0.966,129.986,197506,4
131,220526,0.481,0.706,5,-3.89,1,0.0524,0.336,0,0.245,0.623,169.814,220527,4
132,193637,0.648,0.839,2,-3.898,1,0.043,0.00228,1.43E-06,0.0957,0.508,97.021,193637,4
133,224373,0.651,0.89,5,-2.921,0,0.0656,0.0439,0,0.425,0.683,155.035,224373,4
134,217835,0.752,0.75,2,-3.702,0,0.068,0.243,0,0.296,0.788,105.001,217835,4
135,237864,0.596,0.882,1,-2.258,1,0.0697,0.621,0,0.0682,0.4,130.027,237864,4
136,227996,0.652,0.901,0,-2.979,1,0.0678,0.0678,0,0.0765,0.799,99.933,227997,4
137,212610,0.637,0.947,9,-2.659,0,0.111,0.103,0,0.263,0.851,143.951,212611,4
138,192809,0.754,0.412,2,-7.994,1,0.0459,0.506,2.04E-06,0.159,0.415,137.965,192810,4
139,221518,0.692,0.869,2,-3.008,0,0.0976,0.0646,0,0.0249,0.862,112.057,221518,4
140,230424,0.714,0.883,0,-2.286,1,0.0433,0.029,0,0.172,0.679,131.005,230424,4
141,173133,0.708,0.815,5,-3.421,1,0.0469,0.08,0,0.328,0.699,131.951,173133,4
142,230586,0.446,0.688,2,-4.108,1,0.0499,0.293,0,0.0773,0.272,157.874,230587,4
143,236512,0.508,0.853,0,-3.215,1,0.143,0.0339,0,0.287,0.67,200.157,236513,4
144,202053,0.741,0.915,4,-2.666,0,0.102,0.0133,0,0.0756,0.596,119.918,202053,4
145,191893,0.662,0.762,6,-4.487,0,0.0965,0.0818,0,0.0712,0.841,168.048,191893,4
146,184533,0.75,0.909,10,-1.186,1,0.086,0.115,0,0.0506,0.922,114.051,184533,4
147,194040,0.734,0.929,10,-2.481,0,0.177,0.0238,0,0.107,0.759,115.05,194040,4
148,213680,0.771,0.86,1,-2.574,1,0.0889,0.00873,0,0.193,0.683,93.047,213680,4
149,211733,0.677,0.865,5,-4.024,0,0.103,0.352,0,0.312,0.881,155.137,211733,4
150,197546,0.577,0.864,10,-0.98,0,0.0812,0.0166,0,0.48,0.751,177.972,197547,4
151,206773,0.738,0.832,8,-4.584,1,0.112,0.0625,0,0.272,0.68,81.006,206773,4
152,210240,0.548,0.853,10,-3.058,0,0.103,0.0172,0,0.227,0.587,169.873,210240,4
153,187675,0.446,0.91,3,-3.599,0,0.135,0.0442,0,0.191,0.674,115.068,187676,4
154,169714,0.682,0.86,5,-6.273,0,0.238,0.186,0.000659,0.842,0.712,140.044,169714,4
155,204387,0.459,0.539,5,-5.067,1,0.0375,0.0641,1.97E-05,0.109,0.222,154.828,204387,4
156,160000,0.72,0.895,9,-5.538,0,0.053,0.098,0.0016,0.0964,0.633,125.97,160000,4
157,192037,0.658,0.945,6,-2.922,0,0.139,0.0211,0.0258,0.288,0.312,150.025,192038,4
158,195195,0.628,0.769,0,-7.227,1,0.0852,0.135,0,0.59,0.259,149.94,195196,4
159,165000,0.74,0.469,5,-4.747,0,0.112,0.123,0,0.0578,0.593,160.049,165000,4
160,211400,0.608,0.43,4,-5.937,1,0.0286,0.57,0,0.145,0.514,124.903,211400,3
161,194416,0.494,0.636,6,-6.328,1,0.0397,0.156,9.31E-06,0.12,0.193,110.052,194416,4
162,240932,0.403,0.443,7,-7.294,1,0.0284,0.307,0,0.165,0.226,161.764,240932,3
163,205700,0.306,0.389,9,-8.249,1,0.0317,0.766,0,0.233,0.17,148.918,205700,4
164,212533,0.469,0.442,11,-7.567,0,0.029,0.76,0,0.102,0.202,130.111,212533,4
165,203546,0.572,0.494,5,-7.562,1,0.0267,0.754,0.000188,0.101,0.312,134.041,203547,4
166,271325,0.398,0.329,4,-6.457,1,0.0379,0.894,0,0.12,0.295,103.977,271326,3
167,242919,0.554,0.492,8,-4.496,1,0.0279,0.533,0,0.13,0.282,84.893,242920,3
168,266440,0.465,0.413,5,-5.407,1,0.0296,0.861,0,0.116,0.384,169.702,266440,3
169,193453,0.524,0.621,8,-5.714,1,0.0281,0.398,0,0.104,0.435,169.899,193453,4
170,157531,0.795,0.781,1,-4.647,1,0.141,0.285,0,0.108,0.687,104.972,157532,4
171,148753,0.84,0.673,10,-3.685,1,0.0427,0.0426,0,0.0971,0.911,115.004,148753,4
172,193260,0.599,0.869,5,-5.174,0,0.0618,0.000707,0,0.0911,0.453,132.889,193260,4
173,172106,0.6,0.713,6,-5.079,0,0.0592,0.0642,0,0.142,0.471,72.999,172107,4
174,184601,0.738,0.67,7,-3.766,0,0.0439,0.458,0,0.361,0.651,138.055,184602,4
175,186119,0.7,0.692,9,-4.948,0,0.0434,0.372,0,0.143,0.446,109.988,186119,4
176,183090,0.631,0.649,8,-4.939,0,0.0377,0.17,0,0.321,0.459,108.07,183090,4
177,228115,0.495,0.844,2,-3.65,1,0.0671,0.00315,0,0.459,0.486,159.989,228116,4
178,148753,0.866,0.666,7,-3.757,0,0.0511,0.0458,5.83E-06,0.0975,0.905,115.001,148753,4
179,180750,0.658,0.9,9,-3.479,0,0.264,0.0364,0,0.0771,0.526,156.096,180750,4
180,192280,0.692,0.881,11,-2.563,0,0.0461,0.0457,4.45E-06,0.146,0.432,103.053,192280,4
181,210893,0.477,0.85,3,-1.486,0,0.0911,0.00108,0,0.0675,0.601,163.845,210893,4
182,228682,0.72,0.828,6,-5.559,1,0.0612,0.0343,0,0.0747,0.633,139.928,228682,4
183,220573,0.566,0.872,7,-3.448,1,0.132,0.0192,0,0.0621,0.203,149.949,220573,4
184,189146,0.633,0.706,10,-5.137,0,0.0627,0.000588,0.0794,0.245,0.399,128.185,189147,4
185,210013,0.683,0.685,7,-5.381,1,0.0425,0.00195,0,0.0582,0.381,129.993,210013,4
186,212280,0.611,0.864,6,-2.345,0,0.0654,0.00852,1.68E-06,0.136,0.455,152.02,212280,4
187,164640,0.603,0.727,2,-4.797,1,0.0369,0.2,0,0.308,0.131,147.962,164640,4
188,190960,0.697,0.935,1,-0.811,0,0.0597,0.0283,0,0.0883,0.539,109.97,190960,4
189,200306,0.689,0.678,5,-4.287,0,0.119,0.0702,0,0.0889,0.335,145.883,200306,4
190,207667,0.636,0.674,7,-6.623,0,0.0444,0.00542,0,0.145,0.814,82.985,207668,4
191,185320,0.623,0.838,4,-2.454,0,0.15,0.0849,0,0.186,0.684,155.617,185320,4
192,176026,0.636,0.702,0,-5.352,0,0.0334,0.0223,0,0.293,0.516,135.104,176026,4
193,211013,0.692,0.886,1,-2.519,1,0.0519,0.284,0,0.341,0.879,100.03,211013,4
194,221341,0.618,0.76,6,-4.312,1,0.0596,0.0066,0,0.127,0.541,150,221341,4
195,205128,0.625,0.83,0,-2.33,1,0.0764,0.00266,0,0.188,0.757,110.04,205129,4
196,207053,0.681,0.814,11,-2.83,0,0.0603,0.145,0,0.556,0.876,89.993,207053,4
197,203520,0.704,0.729,7,-3.851,1,0.0624,0.0024,0,0.218,0.71,129.992,203520,4
198,190422,0.749,0.85,0,-4.346,1,0.0468,0.0319,4.81E-05,0.0678,0.672,145.983,190423,4
199,218989,0.573,0.512,7,-4.723,1,0.0287,0.32,0,0.103,0.207,130.897,218990,4
200,199845,0.735,0.736,4,-3.266,0,0.277,0.00511,0,0.165,0.813,117.975,199846,4
201,199796,0.532,0.859,1,-4.106,1,0.142,0.0662,0,0.684,0.934,118.919,199796,4
202,206853,0.741,0.848,10,-3.26,1,0.137,0.026,0,0.521,0.898,146.025,206853,4
203,211504,0.408,0.473,9,-4.955,1,0.0291,0.72,0,0.314,0.221,135.073,211505,4
204,215120,0.585,0.587,1,-4.948,1,0.0273,0.766,0,0.114,0.608,90.021,215120,4
205,166315,0.717,0.669,1,-4.939,1,0.0629,0.057,0,0.356,0.498,110.06,166316,4
206,192005,0.757,0.941,7,-2.123,1,0.0878,0.231,0,0.0582,0.641,95.012,192005,4
207,209132,0.665,0.861,6,-4.378,0,0.128,0.0731,0,0.157,0.717,132.943,209132,4
208,253683,0.554,0.264,7,-11.86,1,0.0319,0.756,0,0.975,0.145,130.932,253684,4
209,209253,0.735,0.727,0,-2.837,0,0.0364,0.362,0,0.0997,0.612,111.928,209253,4
210,203866,0.862,0.782,5,-3.811,0,0.125,0.301,0,0.143,0.847,135.029,203867,4
211,195613,0.817,0.64,5,-2.927,0,0.0487,0.232,0,0.204,0.772,89.97,195613,4
212,174720,0.693,0.866,6,-2.735,0,0.229,0.0421,2.38E-06,0.221,0.691,97.048,174720,4
213,220506,0.717,0.789,11,-2.57,1,0.052,0.471,1.49E-06,0.0931,0.791,92.989,220507,4
214,206293,0.471,0.755,9,-1.215,1,0.0483,0.439,0,0.104,0.178,166.134,206293,5
215,198600,0.659,0.642,6,-3.638,1,0.0524,0.202,0,0.691,0.769,74.934,198600,4
216,197306,0.592,0.852,11,-2.005,1,0.0521,0.237,0,0.285,0.745,84.876,197307,4
217,200920,0.773,0.783,7,-2.707,1,0.0397,0.0739,0,0.219,0.649,149.997,200920,4
218,187253,0.737,0.76,7,-3.711,0,0.107,0.393,0,0.126,0.56,93.011,187253,4
219,186293,0.72,0.842,11,-4.41,1,0.0493,0.35,0,0.336,0.894,112.026,186293,4
220,204293,0.649,0.898,11,-3.291,0,0.11,0.0213,0,0.0576,0.663,122.028,204293,4
221,169906,0.703,0.909,6,-2.686,0,0.102,0.192,0,0.0717,0.83,117.989,169907,4
222,175946,0.666,0.925,6,-3.193,1,0.102,0.0162,0,0.203,0.798,124.001,175947,5
223,195653,0.682,0.855,11,-2.421,1,0.0553,0.0709,0,0.046,0.764,123.945,195653,4
224,199965,0.625,0.931,6,-1.885,0,0.151,0.138,0,0.309,0.863,154.061,199965,4
225,190440,0.735,0.84,1,-4.167,1,0.169,0.148,1.45E-05,0.279,0.834,121.959,190440,4
226,183413,0.694,0.931,8,-2.001,1,0.0722,0.0377,0,0.0624,0.807,124.008,183413,4
227,224586,0.658,0.915,10,-3.736,0,0.0967,0.0437,0,0.291,0.841,125,224587,4
228,220653,0.742,0.835,0,-2.89,1,0.113,0.11,0,0.351,0.747,112.974,220653,4
229,241866,0.518,0.708,0,-4.389,0,0.0375,0.252,0,0.176,0.22,119.847,241867,4
230,230400,0.617,0.945,8,-2.599,1,0.0567,0.133,0,0.217,0.581,139.945,230400,4
231,250644,0.557,0.812,4,-3.085,1,0.0286,0.0395,0,0.258,0.496,141.888,250645,4
232,221257,0.647,0.901,4,-1.39,1,0.0456,0.0488,0,0.402,0.712,131.966,221257,4
233,195944,0.526,0.908,6,-2.717,0,0.172,0.0806,0,0.0622,0.714,199.947,195944,4
234,262840,0.344,0.523,6,-4.347,1,0.0349,0.508,0,0.326,0.321,180.044,262840,4
235,232866,0.275,0.791,2,-2.215,1,0.0546,0.289,0,0.148,0.319,205.416,232867,4
236,233592,0.643,0.802,9,-3.87,0,0.0535,0.421,0,0.214,0.49,134.993,233592,4
237,315333,0.293,0.786,1,-3.609,0,0.0399,0.00131,0,0.0925,0.182,118.319,315333,4
238,187106,0.515,0.62,3,-4.107,0,0.041,0.419,0,0.117,0.245,143.662,187107,4
239,199133,0.621,0.821,6,-3.662,0,0.0364,0.00548,0.000578,0.142,0.646,120.062,199133,4
240,220745,0.646,0.923,8,-1.309,1,0.0613,0.166,0,0.0507,0.703,106.086,220745,4
241,209104,0.613,0.912,8,-2.464,1,0.0366,0.152,0,0.111,0.734,112.005,209105,4
242,226698,0.455,0.827,6,-1.201,1,0.0573,0.325,0,0.0473,0.681,169.929,226699,4
243,193579,0.642,0.957,6,-0.944,0,0.05,0.0438,0,0.273,0.801,125.008,193580,4
244,216488,0.453,0.849,6,-1.337,0,0.125,0.428,0,0.1,0.638,173.917,216488,4
245,211972,0.711,0.928,8,-1.666,0,0.0484,0.126,0,0.335,0.577,114.012,211972,4
246,203482,0.695,0.87,6,-2.66,1,0.0359,0.2,0,0.0512,0.697,114.022,203482,4
247,206588,0.711,0.939,9,-4.725,1,0.159,0.0428,0,0.126,0.331,119.996,206588,4
248,214293,0.764,0.836,1,-2.868,1,0.0396,0.208,0,0.234,0.51,111.934,214293,4
249,201160,0.756,0.93,1,-1.082,0,0.0274,0.281,0,0.11,0.737,99.988,201160,4
250,202533,0.615,0.871,9,-1.248,1,0.0516,0.0427,0,0.254,0.297,123.915,202533,4
251,265760,0.708,0.892,4,-1.964,0,0.0349,0.0706,0,0.114,0.623,108.031,265760,4
252,228880,0.885,0.937,1,-0.678,0,0.0898,0.142,0,0.103,0.878,114.974,228880,4
253,224257,0.754,0.788,2,-3.175,1,0.0322,0.129,0.00274,0.0775,0.961,124.992,224258,4
254,229253,0.762,0.84,9,-2.603,1,0.116,0.12,4.78E-06,0.714,0.719,123.006,229253,4
255,271325,0.502,0.863,4,-1.273,0,0.272,0.0342,0,0.538,0.527,97.911,271326,4
256,188533,0.759,0.966,2,-2.207,0,0.0416,0.0218,1.03E-05,0.229,0.44,143.987,188533,4
257,201920,0.687,0.888,11,-2.725,0,0.146,0.0596,2.14E-05,0.181,0.791,64.927,201920,4
258,235434,0.701,0.964,4,-2.037,0,0.127,0.114,9.34E-06,0.153,0.484,113.058,235434,4
259,189846,0.791,0.789,11,-4.694,0,0.104,0.0114,0,0.301,0.669,112.11,189846,4
260,238020,0.663,0.831,1,-5.02,0,0.0755,0.056,2.03E-06,0.128,0.511,97.086,238021,4
261,195346,0.702,0.627,0,-4.776,1,0.0449,0.62,0,0.14,0.414,95.02,195347,4
262,187847,0.822,0.601,11,-8.063,0,0.0525,0.00135,0.865,0.154,0.223,112.015,187848,4
263,236487,0.713,0.713,1,-6.696,0,0.0359,0.00541,0.634,0.106,0.384,96.984,236487,4
264,206731,0.809,0.883,1,-2.1,0,0.0498,0.239,0,0.296,0.962,110.034,206732,4
265,183913,0.608,0.952,10,-2.144,0,0.184,0.12,0,0.145,0.664,100.025,183913,4
266,238287,0.527,0.649,1,-5.511,1,0.0399,0.507,0,0.0984,0.298,132.259,238287,4
267,217495,0.53,0.859,5,-1.827,1,0.0432,0.274,0,0.109,0.415,171.933,217496,4
268,235408,0.65,0.712,2,-4.664,1,0.0258,0.379,0,0.116,0.228,95.034,235408,4
269,209548,0.749,0.823,11,-2.826,0,0.186,0.00448,0,0.0404,0.446,100.018,209549,4
270,218436,0.561,0.877,1,-2.966,0,0.063,0.375,0,0.241,0.876,169.877,218436,4
271,223916,0.466,0.63,3,-4.301,1,0.0292,0.358,0,0.0941,0.443,197.918,223917,3
272,238135,0.549,0.669,1,-5.283,1,0.0367,0.426,1.22E-06,0.0943,0.288,132.222,238136,4
273,205002,0.665,0.695,5,-3.707,1,0.0372,0.561,0,0.12,0.626,127.988,205003,4
274,228613,0.636,0.81,1,-2.035,1,0.101,0.0205,1.04E-05,0.596,0.611,161.897,228613,4
275,232813,0.632,0.849,5,-1.462,0,0.0408,0.0309,0.000142,0.182,0.393,142.959,232813,4
276,247493,0.652,0.917,4,-2.096,0,0.144,0.132,3.85E-06,0.324,0.26,89.951,247493,4
277,219106,0.868,0.647,1,-5.081,1,0.0758,0.0294,0,0.0363,0.427,130.007,219107,4
278,191693,0.764,0.718,9,-2.731,1,0.152,0.0304,5.48E-06,0.0782,0.309,82.953,191693,4
279,211453,0.664,0.747,8,-2.255,1,0.0507,0.114,0,0.0644,0.218,155.002,211453,4
280,198493,0.715,0.661,10,-2.39,0,0.122,0.277,0,0.131,0.566,159.916,198493,4
281,210834,0.693,0.886,8,-1.642,1,0.0766,0.0557,0,0.217,0.757,129.947,210834,4
282,222398,0.76,0.781,11,-2.881,0,0.0641,0.233,0,0.106,0.736,95.97,222399,4
283,194707,0.814,0.667,0,-4.065,0,0.0616,0.093,0,0.0856,0.514,111.036,194708,4
284,187466,0.706,0.692,5,-4.433,0,0.0277,0.0768,0,0.173,0.601,137.006,187467,4
285,204701,0.549,0.816,5,-4.82,0,0.148,0.055,4.26E-06,0.224,0.555,151.821,204702,4
286,193578,0.7,0.873,1,-2.901,1,0.0869,0.0148,0,0.343,0.612,99.968,193579,4
287,217486,0.727,0.889,0,-2.747,1,0.0879,0.0149,0,0.113,0.713,129.993,217486,4
288,194407,0.794,0.835,5,-2.044,0,0.0961,0.266,0,0.0979,0.771,101.039,194408,4
289,187251,0.724,0.846,9,-3.785,0,0.0538,0.109,0,0.0958,0.64,129.959,187251,4
290,196701,0.576,0.612,7,-3.804,1,0.046,0.00886,0,0.0524,0.686,178.314,196701,4
291,202866,0.705,0.729,2,-3.674,1,0.117,0.0655,0,0.0907,0.295,140.152,202867,4
292,274717,0.393,0.659,6,-4.283,1,0.032,0.305,0,0.132,0.208,86.955,274718,4
293,230678,0.398,0.677,2,-4.047,1,0.032,0.0503,0,0.0896,0.228,133.971,230679,4
294,250165,0.265,0.691,1,-3.677,1,0.0371,0.0953,0,0.105,0.194,150.843,250166,4
295,215423,0.747,0.837,5,-3.359,0,0.197,0.03,0,0.168,0.519,127.951,215424,4
296,184628,0.693,0.803,5,-5.62,1,0.0398,0.363,0,0.912,0.536,120.046,184628,4
297,159200,0.71,0.697,7,-7.447,0,0.0347,0.445,9.92E-05,0.799,0.606,124.008,159200,4
298,274717,0.418,0.647,6,-6.885,1,0.0272,0.00207,0.923,0.129,0.132,86.869,274718,4
299,182832,0.645,0.929,5,-2,0,0.117,0.138,0,0.269,0.815,150.021,182833,4
300,182558,0.687,0.836,1,-3.603,1,0.098,0.176,0,0.437,0.586,93.94,182559,4
301,196306,0.833,0.834,0,-2.438,1,0.113,0.0201,6.75E-06,0.114,0.405,113.99,196307,4
302,205906,0.873,0.791,4,-3.218,1,0.28,0.141,0,0.272,0.603,103.14,205907,4
303,215756,0.755,0.911,1,-3.427,1,0.0403,0.0522,0,0.174,0.479,95.978,215757,4
304,193800,0.84,0.659,4,-4.368,0,0.0899,0.0313,0.00068,0.0676,0.604,116.025,193800,4
305,182558,0.81,0.806,7,-5.567,1,0.0523,0.0459,0.731,0.0721,0.38,94.012,182559,4
306,182832,0.565,0.956,7,-4.544,1,0.0379,0.000406,0.831,0.257,0.379,149.936,182833,4
307,215756,0.57,0.944,1,-5.078,1,0.0851,0.00375,0.0139,0.245,0.202,192.054,215757,4
308,209648,0.806,0.707,7,-4.623,1,0.0307,0.331,0,0.294,0.746,118.009,209648,4
309,193733,0.762,0.672,9,-5.277,0,0.073,0.463,0,0.205,0.507,128.001,193734,4
310,226970,0.764,0.828,7,-4.375,1,0.0967,0.104,0,0.332,0.583,81.989,226970,4
311,230148,0.457,0.745,4,-4.014,1,0.0864,0.19,0,0.17,0.568,67.927,230149,5
312,212687,0.634,0.91,0,-1.711,1,0.0323,0.0223,0,0.127,0.693,138.006,212687,4
313,206856,0.749,0.634,0,-5.964,0,0.0595,0.172,0,0.109,0.274,123.997,206856,4
314,216647,0.676,0.597,0,-4.833,1,0.0346,0.335,0,0.142,0.433,89.882,216647,4
315,239104,0.579,0.852,4,-3.358,1,0.0527,0.0607,0,0.41,0.641,79.015,239104,4
316,219225,0.781,0.94,2,-3.779,1,0.0669,0.069,0,0.0992,0.537,125.009,219225,4
317,178173,0.705,0.92,10,-2.11,1,0.0381,0.00283,7.98E-06,0.31,0.847,132.013,178173,4
318,179000,0.646,0.908,5,-3.29,0,0.0694,0.0589,0,0.175,0.781,122.946,179000,4
319,202360,0.625,0.779,11,-4.302,1,0.0505,0.0703,3.28E-06,0.07,0.331,122.928,202360,4
320,221106,0.605,0.75,1,-3.927,1,0.0623,0.0242,3.39E-05,0.152,0.301,100.022,221107,4
321,225789,0.614,0.903,2,-2.454,1,0.0648,0.00229,0.0301,0.0954,0.314,114.011,225790,4
322,196160,0.706,0.973,10,-2.033,1,0.0566,0.00141,3.18E-05,0.0573,0.558,126.056,196160,4
323,162640,0.517,0.878,8,-3.037,0,0.0362,0.00919,0,0.1,0.474,99.948,162640,4
324,214213,0.238,0.968,1,-2.02,0,0.224,0.00567,0,0.565,0.559,79.762,214213,4
325,200862,0.599,0.527,1,-7.112,1,0.0254,0.0537,0,0.143,0.292,138.083,200862,4
326,190968,0.662,0.876,11,-3.442,0,0.0536,0.0253,1.83E-05,0.166,0.276,134.026,190968,4
327,267959,0.347,0.833,1,-2.662,0,0.0461,0.000357,0.26,0.128,0.0441,110.295,267959,3
328,194093,0.762,0.9,0,-3.257,0,0.127,0.221,0,0.0837,0.674,105.01,194093,4
329,198887,0.801,0.758,7,-4.31,1,0.0445,0.0663,4.10E-06,0.0431,0.576,103.07,198887,4
330,178773,0.613,0.857,1,-2.321,1,0.0605,0.0513,0,0.037,0.754,168.111,178773,4
331,191242,0.809,0.911,6,-4.41,0,0.0617,0.00795,0.000179,0.181,0.64,122.035,191242,4
332,191462,0.759,0.886,1,-3.067,1,0.187,0.0103,2.04E-05,0.342,0.489,102.065,191462,4
333,170080,0.63,0.764,0,-4.488,1,0.107,0.313,0,0.479,0.477,173.873,170080,4
334,182453,0.79,0.838,7,-3.183,1,0.0501,0.332,7.07E-06,0.357,0.738,98.966,182453,4
335,177728,0.776,0.911,2,-3.08,0,0.131,0.155,2.59E-06,0.268,0.56,101.027,177728,4
336,172373,0.846,0.814,6,-4.685,0,0.149,0.0823,0.00094,0.13,0.722,140.055,172373,4
337,199873,0.79,0.853,11,-4.564,0,0.0666,0.00116,4.23E-05,0.329,0.713,125,199874,4
338,222853,0.726,0.963,9,-1.111,0,0.0916,0.0429,0.00157,0.128,0.769,126.062,222853,4
339,218993,0.699,0.907,9,-1.208,0,0.0544,0.0868,0,0.115,0.621,115.978,218994,4
340,192333,0.703,0.941,7,-0.995,0,0.0808,0.131,0,0.319,0.758,102.969,192333,4
341,217760,0.756,0.927,7,-2.116,1,0.0594,0.0617,0,0.343,0.723,123.005,217760,4
342,200912,0.712,0.885,7,-2.96,1,0.0605,0.00391,0,0.105,0.661,115.009,200912,4
343,221236,0.725,0.906,7,-2.216,1,0.0627,0.0405,0,0.35,0.686,123.05,221236,4
344,205066,0.715,0.887,11,-1.956,0,0.0637,0.0441,0,0.317,0.369,124.91,205067,4
345,241200,0.497,0.942,8,-0.34,1,0.067,0.146,0,0.27,0.737,132.063,241201,4
346,190866,0.793,0.849,1,-3.137,0,0.114,0.00311,0,0.0506,0.771,125.957,190867,4
347,202400,0.643,0.883,2,-2.348,0,0.119,0.157,0,0.284,0.764,110.115,202400,4
348,204991,0.694,0.691,0,-4.791,1,0.287,0.226,0,0.104,0.678,93.91,204992,4
349,209392,0.613,0.668,8,-6.867,1,0.267,0.245,0,0.0735,0.509,96.176,209393,4
350,216786,0.403,0.724,8,-6.064,1,0.246,0.377,0,0.0927,0.428,97.133,216786,4
351,203727,0.492,0.615,2,-6.663,1,0.244,0.196,0,0.0772,0.458,90.081,203728,4
352,208573,0.606,0.565,0,-9.483,1,0.2,0.187,0.0876,0.104,0.465,125.062,208573,4
353,191220,0.452,0.436,4,-8.552,1,0.0324,0.489,0,0.111,0.297,168.16,191220,4
354,223728,0.746,0.62,1,-7.947,1,0.0654,0.0312,0,0.26,0.384,105.004,223729,4
355,228226,0.532,0.583,6,-6.64,0,0.272,0.34,0,0.121,0.552,70.301,228227,4
356,161120,0.763,0.857,2,-2.75,1,0.0485,0.437,0,0.0714,0.891,109.994,161121,4
357,165333,0.901,0.637,0,-4.453,1,0.254,0.0802,0,0.0486,0.715,90.958,165333,4
358,171998,0.703,0.894,5,-3.52,0,0.281,0.115,0,0.363,0.737,104.043,171998,4
359,167853,0.799,0.875,10,-4.258,0,0.144,0.0332,4.24E-06,0.348,0.795,109.976,167853,4
360,155640,0.786,0.781,9,-4.265,0,0.19,0.314,4.60E-05,0.162,0.528,82.954,155640,4
361,165640,0.915,0.73,3,-4.95,1,0.0564,0.0918,1.68E-05,0.153,0.96,118.025,165640,4
362,177840,0.701,0.899,5,-0.85,1,0.132,0.0638,0,0.228,0.635,95.053,177840,4
363,189853,0.745,0.673,0,-4.363,1,0.0906,0.1,9.43E-06,0.0781,0.561,75.04,189853,4
364,192293,0.737,0.947,4,-1.57,0,0.145,0.139,0,0.423,0.439,114.952,192293,4
365,179089,0.921,0.692,2,-4.334,1,0.0556,0.466,2.40E-05,0.122,0.729,132.007,179089,4
366,244451,0.559,0.526,3,-6.183,1,0.0368,0.63,0,0.144,0.344,86.91,244451,4
367,277223,0.638,0.328,3,-7.686,1,0.0378,0.933,0,0.287,0.285,125.539,277224,4
368,195826,0.723,0.846,2,-3.977,1,0.125,0.209,0,0.0852,0.917,139.985,195827,4
369,164090,0.617,0.592,8,-4.976,0,0.0408,0.156,0,0.0758,0.342,124.996,164091,4
370,211116,0.664,0.588,11,-5.259,0,0.0741,0.342,0,0.196,0.491,89.993,211116,4
371,172371,0.741,0.853,0,-2.873,1,0.129,0.453,0,0.233,0.731,115.085,172372,4
372,264760,0.563,0.753,5,-6.456,0,0.0966,0.14,1.24E-05,0.969,0.299,127.988,264760,4
373,275174,0.338,0.236,1,-10.447,1,0.0335,0.909,0,0.0922,0.317,64.654,275175,4
374,246238,0.634,0.246,3,-9.518,1,0.0389,0.902,0,0.0939,0.404,103.976,246238,3
375,191208,0.697,0.723,0,-5.134,1,0.107,0.00353,0,0.351,0.814,119.966,191209,4
376,168862,0.452,0.0549,9,-16.635,1,0.0367,0.976,5.53E-06,0.131,0.37,92.095,168863,4
377,242922,0.409,0.625,0,-7.755,1,0.0495,0.497,0.000194,0.116,0.474,175.96,242923,4
378,215441,0.51,0.772,3,-5.579,1,0.0325,0.00173,0.00287,0.218,0.537,127.936,215441,4
379,271052,0.359,0.105,3,-13.74,1,0.0395,0.94,1.37E-05,0.0904,0.195,72.449,271052,4
380,255430,0.616,0.325,2,-12.987,1,0.0376,0.861,0.0414,0.145,0.373,97.861,255430,4
381,182931,0.466,0.511,1,-6.119,1,0.0358,0.0675,0.00139,0.119,0.354,73.486,182932,4
382,234625,0.457,0.0961,4,-17.443,0,0.0403,0.971,0.0192,0.149,0.221,136.992,234625,5
383,185045,0.253,0.875,10,-4.25,1,0.108,0.149,0.247,0.138,0.198,123.778,185045,4
384,256781,0.568,0.577,8,-7.831,0,0.0685,0.639,0.00896,0.148,0.767,175.95,256781,4
385,328248,0.518,0.137,11,-16.235,0,0.0418,0.962,4.94E-05,0.0923,0.407,106.428,328248,4
386,183693,0.785,0.907,10,-2.657,1,0.0938,0.00122,3.11E-06,0.213,0.685,126.004,183693,4
387,192026,0.753,0.932,6,-2.706,1,0.119,0.0205,4.31E-06,0.0326,0.918,124.006,192027,4
388,188253,0.793,0.943,2,-2.028,1,0.096,0.0786,0,0.0656,0.846,119.012,188253,4
389,184240,0.705,0.872,7,-2.798,1,0.158,0.0334,3.93E-06,0.367,0.74,104.9,184240,4
390,200000,0.527,0.853,7,-1.626,1,0.0609,0.00829,0,0.493,0.448,176.934,200000,4
391,187786,0.723,0.914,9,-2.236,1,0.0385,0.0345,0,0.329,0.406,127.019,187787,4
392,195226,0.734,0.904,11,-2.819,0,0.105,0.0202,0.00135,0.0388,0.631,128.064,195227,4
393,195893,0.772,0.929,1,-2.037,1,0.0914,0.00359,0.000287,0.36,0.586,126.98,195893,4
394,190706,0.798,0.945,1,-3.02,1,0.176,0.0189,0,0.127,0.658,129.95,190707,4
395,237960,0.631,0.866,8,-2.749,1,0.053,0.0269,0,0.279,0.233,171.92,237960,4
396,282806,0.53,0.375,3,-6.268,1,0.0285,0.72,0,0.118,0.204,135.821,282806,4
397,228313,0.599,0.4,2,-6.733,1,0.0297,0.532,0,0.104,0.314,98.023,228313,4
398,256120,0.468,0.631,4,-4.679,0,0.0311,0.0781,0,0.092,0.335,79.02,256120,4
399,203894,0.676,0.898,2,-4.24,0,0.0459,0.134,0,0.229,0.522,121.046,203894,4
400,232973,0.391,0.832,4,-4.747,1,0.0567,0.0619,0,0.153,0.436,175.61,232973,4
401,233040,0.412,0.442,3,-5.852,1,0.0311,0.616,0,0.146,0.206,136.063,233040,4
402,199440,0.712,0.614,2,-4.761,1,0.0372,0.468,0,0.216,0.592,127.945,199440,4
403,265973,0.434,0.438,1,-5.648,1,0.031,0.484,3.35E-05,0.105,0.226,139.792,265973,4
404,230960,0.427,0.627,3,-4.116,1,0.0355,0.731,0,0.106,0.455,131.606,230960,4
405,247213,0.466,0.155,6,-11.243,1,0.0351,0.92,0.00019,0.094,0.385,133.282,247213,4
406,194941,0.663,0.857,7,-3.457,1,0.0581,0.0524,0,0.591,0.75,99.014,194941,4
407,201120,0.781,0.814,8,-2.437,1,0.1,0.0735,1.92E-05,0.0565,0.546,124.028,201120,4
408,196800,0.671,0.918,7,-2.267,0,0.0615,0.0349,9.59E-06,0.215,0.543,97.005,196801,4
409,237707,0.582,0.849,7,-4.153,0,0.0414,0.034,0.000138,0.119,0.355,107.004,237707,4
410,205520,0.806,0.934,2,-0.837,1,0.122,0.0999,0.00096,0.0618,0.431,128.016,205520,4
411,177373,0.803,0.831,11,-3.649,0,0.0569,0.072,0,0.328,0.736,112.045,177373,4
412,198000,0.609,0.944,11,-2.503,1,0.254,0.0963,1.26E-05,0.222,0.533,125.121,198001,4
413,198186,0.715,0.919,6,-1.788,0,0.0554,0.0575,0.00405,0.0607,0.872,158.143,198187,4
414,231237,0.526,0.781,6,-4.3,0,0.106,0.396,0,0.122,0.45,97.565,231237,4
415,199754,0.412,0.767,11,-4.108,1,0.0914,0.176,0,0.0733,0.634,207.437,199754,4
416,218474,0.729,0.898,5,-1.029,1,0.0391,0.315,0,0.107,0.517,126.977,218475,4
417,213325,0.669,0.944,0,-1.478,1,0.0541,0.0586,0,0.371,0.673,105.995,213325,4
418,202106,0.68,0.904,10,-2.056,0,0.117,0.287,0,0.103,0.602,117.995,202107,4
419,207426,0.711,0.779,7,-2.773,0,0.0315,0.539,0,0.274,0.615,125.024,207427,4
420,223388,0.605,0.958,7,-1.114,1,0.117,0.0417,0,0.649,0.808,139.985,223388,4
421,196372,0.705,0.926,9,-1.078,0,0.0613,0.236,0,0.214,0.671,125.008,196373,4
422,224410,0.783,0.896,7,-3.125,1,0.0562,0.395,0,0.11,0.902,119.984,224411,4
423,194576,0.605,0.921,6,-2.251,0,0.0518,0.284,3.32E-05,0.0326,0.731,117.001,194576,4
424,221266,0.638,0.716,5,-4.893,1,0.0308,0.133,7.63E-05,0.0834,0.632,159.998,221267,4
425,181079,0.681,0.925,5,-0.844,0,0.0542,0.235,0,0.0893,0.609,119.912,181079,4
426,195306,0.782,0.731,3,-4.581,0,0.143,0.0376,3.15E-05,0.0956,0.824,138.032,195307,4
427,196018,0.617,0.83,3,-3.312,0,0.0689,0.318,0,0.176,0.614,97.912,196018,4
428,195855,0.704,0.787,0,-3.114,1,0.082,0.114,0,0.228,0.707,96.929,195856,4
429,166053,0.523,0.83,11,-2.089,1,0.167,0.00359,0,0.0806,0.812,173.931,166053,4
430,211280,0.634,0.858,4,-2.226,0,0.0809,0.101,8.56E-06,0.258,0.637,91.688,211280,4
431,179080,0.772,0.925,9,-2.788,0,0.108,0.0549,0,0.201,0.795,119.963,179080,4
432,211236,0.581,0.773,9,-3.302,0,0.0499,0.656,0,0.112,0.507,124.138,211237,4
433,215997,0.648,0.859,10,-2.384,1,0.0472,0.113,0,0.448,0.541,115.434,215998,4
434,236816,0.735,0.795,0,-2.918,1,0.0518,0.656,0,0.0665,0.825,113.988,236816,4
435,211660,0.737,0.894,0,-2.779,1,0.254,0.14,0,0.0523,0.648,120.115,211660,4
436,214960,0.641,0.694,8,-4.915,1,0.0936,0.243,0.000127,0.185,0.356,92.945,214960,4
437,213960,0.506,0.607,0,-4.016,0,0.0587,0.191,0,0.258,0.541,74.898,213960,3
438,172400,0.824,0.749,4,-1.81,0,0.193,0.218,0,0.233,0.681,104.998,172400,4
439,246826,0.655,0.863,5,-2.197,0,0.0482,0.184,2.07E-06,0.15,0.437,127.827,246827,4
440,206626,0.655,0.515,0,-5.103,0,0.0424,0.733,0,0.0955,0.45,139.918,206627,4
441,191193,0.937,0.431,11,-4.309,0,0.0671,0.434,5.96E-06,0.0586,0.773,119.982,191194,4
442,195960,0.57,0.96,9,-0.502,1,0.0392,0.0866,0,0.287,0.575,147.075,195960,4
443,202173,0.528,0.514,6,-7.339,1,0.146,0.199,1.71E-06,0.112,0.346,169.797,202173,4
444,296426,0.509,0.829,9,-3.629,1,0.0642,0.021,0,0.203,0.37,113.942,296427,4
445,175853,0.704,0.668,7,-5.069,1,0.0782,0.268,0.000979,0.249,0.665,145.037,175853,4
446,229848,0.393,0.458,8,-5.495,1,0.0315,0.763,0,0.116,0.213,129.55,229848,4
447,224360,0.523,0.687,0,-4.392,0,0.0318,0.191,0,0.106,0.339,113.009,224360,4
448,255000,0.571,0.933,11,-2.471,0,0.091,0.0325,0,0.142,0.403,109.027,255000,4
449,235120,0.322,0.78,1,-3.668,1,0.0444,0.508,0,0.371,0.316,138.977,233169,4
450,229848,0.499,0.321,8,-10.596,1,0.0297,0.582,0.88,0.113,0.0622,129.992,229848,4
451,279480,0.588,0.703,3,-4.267,1,0.0864,0.385,0,0.12,0.605,144.875,279480,4
452,185920,0.814,0.415,10,-7.749,1,0.0467,0.737,0,0.106,0.633,109.997,185920,3
453,204333,0.603,0.805,11,-4.012,0,0.131,0.0675,0.0078,0.0922,0.599,193.968,204333,4
454,206053,0.728,0.637,6,-5.26,1,0.0374,0.47,0,0.27,0.319,99.962,206053,4
455,174640,0.656,0.736,5,-3.461,0,0.0412,0.283,1.02E-05,0.14,0.585,160.033,174640,4
456,204857,0.619,0.632,6,-5.445,1,0.037,0.335,2.11E-05,0.0943,0.405,92.902,204858,4
457,183306,0.688,0.701,0,-4.522,1,0.059,0.737,1.79E-06,0.158,0.669,91.971,183307,4
458,221706,0.627,0.515,1,-6.61,0,0.117,0.637,1.62E-05,0.136,0.481,73.95,221707,4
459,229084,0.659,0.714,9,-4.905,1,0.028,0.255,0,0.37,0.339,139.955,229084,4
460,218173,0.799,0.469,1,-7.677,1,0.0555,0.215,0,0.0967,0.278,128.923,218173,4
461,267982,0.458,0.919,2,-3.469,1,0.044,0.0235,0,0.414,0.428,81.944,267983,4
462,205192,0.41,0.604,10,-3.453,1,0.0331,0.777,0,0.312,0.28,128.845,205193,4
463,252133,0.321,0.475,1,-7.149,1,0.0358,0.751,3.31E-06,0.107,0.199,139.393,252133,4
464,189373,0.756,0.9,2,-4.428,1,0.0843,0.00857,0.000111,0.237,0.55,128.054,189373,4
465,244166,0.699,0.533,5,-4.228,1,0.0275,0.612,0,0.209,0.347,82.017,244167,4
466,194439,0.534,0.449,0,-6.049,1,0.0274,0.813,0,0.199,0.206,133.942,194439,4
467,217202,0.411,0.506,10,-5.528,1,0.0308,0.744,0,0.119,0.176,131.413,217203,4
468,256314,0.653,0.678,7,-4.007,1,0.0242,0.0777,0,0.22,0.397,103.048,256315,4
469,234269,0.259,0.393,1,-4.774,1,0.0338,0.838,1.35E-05,0.08,0.136,84.807,234269,3
470,204758,0.573,0.466,10,-7.275,1,0.0299,0.488,0.814,0.104,0.196,129.97,204759,4
471,208863,0.785,0.744,3,-4.249,0,0.0369,0.0149,0.00666,0.0661,0.833,126.018,208863,4
472,208474,0.725,0.94,5,-2.32,0,0.0435,0.115,0.00431,0.0864,0.905,127.051,208475,4
473,192808,0.821,0.602,5,-2.916,0,0.0907,0.286,0,0.0862,0.776,179.932,192808,4
474,200242,0.75,0.883,6,-1.712,0,0.0432,0.226,9.84E-05,0.0437,0.85,127.069,200243,4
475,199026,0.641,0.922,4,-3.05,0,0.0927,0.136,0,0.414,0.793,107.98,199027,4
476,198200,0.744,0.988,10,-1.388,0,0.0654,0.0889,7.94E-06,0.273,0.885,130.022,198200,4
477,200173,0.725,0.901,11,-1.8,1,0.0985,0.00954,0,0.28,0.558,125.022,200173,4
478,134101,0.856,0.946,0,-2.238,1,0.0958,0.11,8.98E-05,0.124,0.896,139.986,134101,4
479,192359,0.726,0.862,1,-3.427,1,0.0476,0.0237,0,0.865,0.629,126.973,192359,4
480,183120,0.736,0.879,10,-4.359,0,0.186,0.0592,0,0.339,0.574,129.947,183120,4
481,166213,0.737,0.764,0,-5.511,1,0.0947,0.111,0,0.0423,0.924,92.044,166213,4
482,182533,0.451,0.867,4,-3.316,0,0.459,0.0785,0,0.348,0.511,89.108,182533,4
483,189035,0.79,0.648,10,-5.622,0,0.247,0.288,0,0.117,0.397,101.989,189035,4
484,171273,0.739,0.474,9,-5.803,1,0.0915,0.0584,2.93E-06,0.128,0.513,96.03,171274,4
485,231951,0.683,0.893,5,-3.086,0,0.162,0.0754,0,0.226,0.909,146.082,231952,4
486,146096,0.703,0.533,10,-5.34,1,0.0303,0.143,0,0.095,0.195,107.964,146097,4
487,141290,0.824,0.449,5,-7.392,1,0.32,0.178,2.21E-06,0.1,0.459,95.058,141291,4
488,186295,0.571,0.779,8,-2.864,1,0.111,0.135,0,0.202,0.261,186.154,186296,4
489,207173,0.613,0.868,6,-2.792,0,0.143,0.0599,0,0.352,0.394,165.133,207173,4
490,184653,0.758,0.908,5,-2.652,0,0.113,0.0768,0,0.257,0.572,130.012,184653,4
491,217933,0.739,0.673,11,-5.562,1,0.0516,0.133,0,0.14,0.684,81.988,217933,4
492,230293,0.596,0.921,2,-2.372,1,0.258,0.153,0,0.0922,0.529,171.96,230293,4
493,233013,0.681,0.847,7,-2.462,1,0.0869,0.0306,0,0.0808,0.507,167.031,233013,4
494,215586,0.561,0.758,5,-3.87,0,0.0478,0.000831,3.08E-06,0.15,0.178,149.944,215587,4
495,236667,0.713,0.603,6,-4.896,0,0.287,0.000759,5.51E-06,0.0453,0.799,78.027,236667,4
496,221493,0.753,0.845,8,-2.751,0,0.121,0.00629,0,0.317,0.413,90.002,221493,4
497,227773,0.527,0.769,2,-0.419,1,0.28,0.311,0,0.742,0.719,156.032,227773,4
498,188266,0.696,0.711,8,-5.957,1,0.0466,0.13,0,0.0865,0.557,110.001,188267,4
499,199773,0.653,0.836,9,-6.018,1,0.238,0.218,0,0.0507,0.569,151.977,199773,4
500,167626,0.718,0.735,8,-1.728,1,0.0377,0.173,0,0.142,0.699,105.977,167627,4
501,180933,0.673,0.799,7,-2.662,1,0.128,0.168,0,0.349,0.713,92,180933,4
502,203426,0.751,0.689,8,-4.148,1,0.0476,0.417,0,0.128,0.565,114.988,203427,4
503,178773,0.686,0.689,1,-3.758,1,0.094,0.0256,0,0.114,0.806,104.016,178773,4
504,236893,0.549,0.706,9,-5.421,0,0.239,0.0727,0,0.113,0.734,81.209,236893,4
505,198120,0.515,0.272,2,-6.206,0,0.0374,0.723,0,0.105,0.244,139.732,198120,4
506,168973,0.742,0.731,5,-6.301,0,0.0638,0.25,5.87E-06,0.117,0.745,115.078,168973,4
507,191813,0.672,0.826,5,-3.581,0,0.0388,0.125,0,0.402,0.679,106.097,191813,4
508,217066,0.65,0.964,1,-1.329,1,0.0348,0.0538,0,0.245,0.836,120.008,217067,4
509,218586,0.681,0.749,0,-3.436,0,0.0701,0.158,0,0.303,0.676,150.039,218587,4
510,226160,0.577,0.821,1,-2.984,1,0.0492,0.186,0,0.18,0.392,150.023,226160,4
511,195813,0.769,0.926,6,-1.627,1,0.0788,0.0127,0,0.285,0.551,100.034,195813,4
512,185280,0.646,0.956,4,-1.575,0,0.058,0.0161,0,0.299,0.356,121.955,185280,4
513,195080,0.914,0.516,5,-4.178,0,0.0918,0.131,0,0.0441,0.702,119.969,195080,4
514,220920,0.545,0.803,1,-2.283,1,0.0526,0.0261,0,0.114,0.5,170.006,220920,4
515,205133,0.857,0.7,4,-4.189,0,0.074,0.0411,0,0.0334,0.773,93.997,205133,4
516,209626,0.663,0.51,2,-5.617,1,0.0383,0.161,0,0.171,0.442,106.984,209627,4
517,197600,0.793,0.804,11,-2.988,1,0.0543,0.274,0,0.208,0.548,130.077,197600,4
518,211386,0.725,0.641,1,-3.837,1,0.289,0.0102,0,0.132,0.627,88.666,211387,4
519,229400,0.732,0.795,8,-2.263,1,0.1,0.0632,0,0.0569,0.693,100.954,229400,4
520,213666,0.743,0.924,1,-1.501,0,0.0642,0.0688,0,0.112,0.702,107.995,213667,4
521,183019,0.843,0.722,1,-6.403,1,0.0696,0.0218,5.31E-06,0.0424,0.344,95.981,183020,4
522,178573,0.646,0.766,6,-3.921,0,0.222,0.0179,0,0.0647,0.81,96.187,178573,4
523,214035,0.682,0.502,2,-9.507,1,0.0713,0.0124,8.45E-06,0.107,0.218,108.08,214035,4
524,231466,0.587,0.895,5,-1.591,0,0.139,0.0524,0,0.0402,0.697,179.975,231467,4
525,170906,0.715,0.741,11,-3.197,0,0.163,0.171,0,0.194,0.285,75.44,170907,4
526,229000,0.757,0.775,10,-3.442,0,0.121,0.0305,0,0.0999,0.713,140.97,229000,4
527,260320,0.622,0.859,1,-3.034,1,0.0563,0.516,0,0.361,0.457,131.989,260320,4
528,194653,0.736,0.806,4,-2.868,1,0.0483,0.0859,0,0.0623,0.682,100.018,194653,4
529,181506,0.735,0.623,7,-6.176,1,0.122,0.233,0,0.229,0.585,164.079,181507,4
530,154666,0.776,0.817,5,-6.018,0,0.0748,0.18,3.44E-05,0.146,0.515,149.921,154667,4
531,212253,0.804,0.771,9,-4.067,0,0.0433,0.357,3.07E-06,0.108,0.739,126.956,212253,4
532,185506,0.814,0.641,6,-5.957,0,0.111,0.027,0,0.0993,0.183,133.854,185507,4
533,151373,0.812,0.749,10,-6.389,0,0.0397,0.108,0,0.0599,0.841,134.971,151373,4
534,179026,0.593,0.935,4,-3.43,0,0.225,0.268,0,0.286,0.783,99.976,179027,4
535,108986,0.807,0.721,4,-6.211,0,0.0508,0.51,0.00216,0.115,0.532,134.014,108987,4
536,180066,0.811,0.648,10,-3.684,0,0.0368,0.236,0,0.0761,0.695,104.988,180067,4
537,147880,0.752,0.65,5,-6.683,0,0.12,0.653,0.00136,0.105,0.532,134.993,147880,4
538,134386,0.934,0.486,0,-9.561,0,0.164,0.466,3.73E-05,0.0963,0.372,130.052,134387,4
539,188373,0.707,0.867,0,-2.185,1,0.174,0.041,0,0.0678,0.557,99.95,188373,4
540,199893,0.591,0.924,9,-2.504,0,0.0915,0.183,0,0.0826,0.668,162.172,199893,4
541,192773,0.626,0.918,0,-3.236,0,0.052,0.112,0,0.0779,0.766,98.952,192773,4
542,213293,0.696,0.843,1,-2.397,0,0.0588,0.147,0,0.103,0.678,98.01,213293,4
543,189840,0.653,0.732,11,-3.919,0,0.194,0.0135,0,0.0636,0.768,126.956,189840,4
544,207585,0.731,0.817,9,-3.906,0,0.121,0.0254,0,0.147,0.657,127.952,207586,4
545,229906,0.772,0.859,11,-3.273,0,0.0679,0.186,0,0.309,0.845,131.976,229907,4
546,211146,0.647,0.955,1,-1.562,0,0.0789,0.017,0,0.115,0.591,150.063,211147,4
547,220320,0.791,0.797,10,-2.751,0,0.0714,0.0319,0,0.112,0.896,123.006,220320,4
548,227440,0.476,0.827,1,-2.907,0,0.101,0.0242,0,0.349,0.448,115.123,227440,4
549,197226,0.635,0.455,1,-5.433,1,0.0661,0.484,6.95E-06,0.137,0.177,89.956,197227,4
550,186906,0.756,0.691,2,-4.456,1,0.0382,0.0429,0,0.0851,0.549,106.056,186907,4
551,238853,0.651,0.406,2,-6.967,1,0.0321,0.617,0,0.174,0.376,119.939,238853,4
552,200684,0.621,0.377,0,-11.048,0,0.0291,0.574,0.00424,0.122,0.271,129.977,200685,4
553,182560,0.688,0.844,5,-4.104,0,0.106,0.293,0,0.106,0.822,100.018,182560,4
554,184786,0.822,0.409,4,-7.257,1,0.0414,0.503,0.000616,0.183,0.722,99.974,184787,4
555,192533,0.711,0.649,11,-5.022,1,0.17,0.291,0,0.0978,0.48,94.128,192533,4
556,191853,0.734,0.545,7,-4.256,1,0.124,0.503,0,0.289,0.758,71.472,191853,4
557,222706,0.612,0.667,11,-4.594,1,0.0331,0.537,0,0.181,0.464,139.954,222707,4
558,195746,0.565,0.875,1,-2.502,1,0.0445,0.0598,0,0.0918,0.533,81.438,195747,4
559,210760,0.664,0.856,0,-4.668,1,0.034,0.311,0,0.437,0.729,138.008,210760,4
560,209053,0.62,0.924,7,-1.668,0,0.055,0.0323,0,0.284,0.688,123.972,209053,4
561,221720,0.587,0.829,1,-2.697,0,0.036,0.108,0,0.115,0.371,116.948,221720,4
562,240360,0.486,0.691,10,-2.868,0,0.0523,0.124,0,0.105,0.704,179.998,240360,4
563,222426,0.75,0.804,7,-4.294,1,0.0836,0.0164,0,0.107,0.795,102.978,222427,4
564,216306,0.403,0.589,7,-4.895,1,0.0367,0.312,0,0.106,0.251,139.211,216307,4
565,249173,0.37,0.792,2,-4.713,1,0.0425,0.0916,0,0.0332,0.319,154.77,249173,4
566,217442,0.554,0.773,2,-3.907,1,0.0679,0.0966,0,0.363,0.672,135.98,217443,4
567,192653,0.705,0.709,6,-2.871,1,0.0372,0.031,0,0.48,0.723,116.012,192653,4
568,178346,0.732,0.797,7,-2.471,0,0.0931,0.0232,0,0.152,0.728,136.083,178347,4
569,200933,0.736,0.915,6,-1.99,0,0.0766,0.0192,0,0.33,0.831,110.017,200933,4
570,191973,0.685,0.802,5,-3.515,0,0.035,0.013,0,0.173,0.459,110.008,191973,4
571,208320,0.682,0.941,11,-1.431,0,0.0934,0.00171,0,0.525,0.753,114.996,208320,4
572,179386,0.527,0.823,6,-2.141,1,0.145,0.0859,0,0.0998,0.637,159.949,179387,4
573,190466,0.726,0.808,8,-3.194,1,0.195,0.0159,0,0.0949,0.791,132.034,190467,4
574,172066,0.658,0.935,11,-1.458,1,0.129,0.139,1.57E-06,0.0287,0.803,150.008,172067,4
575,171373,0.591,0.636,4,-3.39,0,0.0481,0.231,0,0.0957,0.226,179.953,171373,3
576,71813,0.771,0.581,11,-6.853,1,0.0476,0.423,0.000174,0.258,0.648,141.912,71813,4
577,210560,0.664,0.666,8,-2.203,1,0.0446,0.193,0,0.0854,0.405,139.987,210560,4
578,214800,0.531,0.747,0,-3.717,1,0.0946,0.0549,0,0.244,0.434,148.039,214800,4
579,210817,0.714,0.736,2,-3.801,1,0.0457,0.191,0,0.0553,0.814,149.985,210818,4
580,211243,0.726,0.903,7,-2.277,0,0.0357,0.055,0.000225,0.158,0.958,129.986,211244,4
581,189049,0.839,0.902,1,-3.612,0,0.0536,0.0868,0.00257,0.272,0.639,114.953,189050,4
582,210253,0.412,0.94,1,-2.171,1,0.215,0.0648,0,0.358,0.423,157.964,210253,4
583,191139,0.709,0.917,9,-3.315,1,0.189,0.0409,0,0.0839,0.515,125.042,191139,4
584,181760,0.695,0.896,5,-1.24,1,0.0847,0.179,0,0.0626,0.508,119.959,181760,4
585,205320,0.59,0.703,11,-5.852,1,0.109,0.281,0,0.134,0.414,135.912,205320,4
586,215880,0.718,0.865,7,-3.083,1,0.0413,0.48,0,0.147,0.56,100.013,215880,4
587,178413,0.631,0.748,4,-2.569,0,0.0488,0.212,0,0.537,0.351,115.665,178413,4
588,198520,0.693,0.759,7,-2.9,1,0.208,0.055,1.36E-06,0.116,0.635,112.983,198520,4
589,193120,0.577,0.657,7,-5.132,1,0.244,0.047,6.93E-05,0.209,0.303,97.954,193120,4
590,192933,0.621,0.919,0,-2.594,1,0.0401,0.106,5.47E-06,0.0604,0.921,168.029,192933,4
591,196173,0.717,0.731,10,-3.74,0,0.0442,0.143,1.00E-06,0.119,0.498,91.035,196173,4
592,221957,0.461,0.61,1,-6.276,0,0.25,0.524,2.83E-05,0.23,0.424,77.562,221957,4
593,233773,0.742,0.772,5,-3.295,1,0.073,0.0102,0.0185,0.137,0.358,107.976,233773,4
594,200666,0.716,0.882,8,-3.739,0,0.0406,0.0318,0,0.205,0.793,123.911,200667,4
595,196306,0.706,0.885,6,-3.051,0,0.0438,0.0634,7.18E-06,0.27,0.787,102.019,196307,4
596,182929,0.58,0.918,9,-2.918,1,0.0529,0.00184,0.000614,0.0684,0.442,166.007,182930,4
597,195306,0.615,0.907,0,-0.602,1,0.0456,0.205,0,0.328,0.906,170.052,195307,4
598,186328,0.694,0.82,6,-1.662,0,0.045,0.0492,1.65E-05,0.12,0.5,128.099,186329,4
599,208573,0.719,0.961,6,0.025,0,0.0745,0.158,3.39E-06,0.197,0.832,129.985,208573,4
600,199382,0.779,0.935,6,-1.334,1,0.126,0.152,0.00262,0.0516,0.872,171.996,199382,4
601,201760,0.561,0.936,9,-1.871,0,0.0731,0.0373,0,0.0914,0.682,155.001,201760,4
602,195986,0.637,0.977,3,-1.222,1,0.0648,0.167,0,0.37,0.872,120,195987,4
603,207453,0.522,0.872,3,-2.253,1,0.0622,0.157,0,0.306,0.63,170.084,207453,4
604,261568,0.623,0.593,5,-5.55,0,0.0364,0.594,0,0.104,0.417,119.912,261568,4
605,216906,0.523,0.428,1,-6.893,1,0.0294,0.522,0,0.15,0.368,95.112,216907,3
606,277672,0.391,0.347,10,-7.637,1,0.0296,0.651,3.10E-05,0.13,0.124,133.938,277672,4
607,258786,0.467,0.483,4,-5.167,1,0.0312,0.481,0,0.111,0.27,135.549,258787,4
608,187300,0.496,0.637,8,-8.836,1,0.138,0.403,0,0.194,0.313,93.63,187301,4
609,277742,0.47,0.329,11,-8.623,1,0.0351,0.85,0,0.126,0.396,77.088,277743,4
610,216893,0.332,0.532,4,-5.225,1,0.0354,0.585,0,0.103,0.14,135.646,216893,4
611,204213,0.457,0.619,7,-4.486,1,0.03,0.264,0,0.161,0.0672,82.864,204213,4
612,210959,0.416,0.622,5,-4.807,1,0.0435,0.124,0,0.0915,0.141,111.954,210959,4
613,189413,0.766,0.651,5,-3.546,0,0.0952,0.211,2.51E-06,0.144,0.488,121.995,189413,4
614,201093,0.698,0.798,11,-2.583,1,0.0825,0.345,1.47E-06,0.377,0.528,117.051,201093,4
615,207173,0.736,0.769,11,-5.287,1,0.258,0.0453,0.000227,0.163,0.863,104.094,207173,4
616,177066,0.752,0.632,6,-3.52,1,0.0947,0.348,0,0.111,0.644,148.01,177067,4
617,205133,0.457,0.739,5,-2.879,1,0.0391,0.651,0,0.113,0.546,85.026,205133,4
618,199320,0.54,0.744,4,-2.605,1,0.0617,0.216,0,0.116,0.299,150.021,199320,4
619,223634,0.478,0.754,7,-3.868,1,0.105,0.0293,0,0.12,0.345,174.734,223634,4
620,222666,0.741,0.727,1,-6.658,1,0.0344,0.129,0.00448,0.11,0.397,118.942,222667,4
621,195813,0.604,0.58,6,-5.119,0,0.0703,0.443,0.000337,0.164,0.34,86.015,195813,4
622,200386,0.771,0.88,8,-4.091,1,0.0857,0.162,1.41E-06,0.167,0.347,137.018,200387,4
623,205133,0.728,0.912,11,-2.55,0,0.167,0.0458,0,0.102,0.808,120.044,205133,4
624,197586,0.765,0.777,5,-4.376,0,0.0399,0.0539,2.58E-06,0.338,0.64,111.944,197587,4
625,176560,0.519,0.695,0,-4.861,1,0.0812,0.299,0,0.43,0.515,95.384,176560,4
626,180360,0.621,0.816,11,-5.242,1,0.104,0.0966,0,0.134,0.694,163.966,180360,4
627,192092,0.746,0.898,3,-2.818,0,0.0725,0.0526,0,0.0858,0.879,121.967,192093,4
628,178453,0.709,0.809,2,-3.198,0,0.0541,0.312,0,0.0899,0.788,111.01,178453,4
629,209800,0.651,0.786,5,-3.438,0,0.0381,0.296,0,0.296,0.576,114.04,209800,4
630,203426,0.781,0.683,0,-4.258,1,0.0325,0.164,1.53E-06,0.16,0.722,100.005,203427,4
631,91960,0.576,0.965,11,-3.462,0,0.11,0.0834,0,0.256,0.781,139.87,91960,4
632,194120,0.701,0.918,7,-2.76,0,0.0536,0.0667,0,0.188,0.732,124.965,194120,4
633,197309,0.697,0.925,11,-4.9,0,0.0466,0.0836,0.000135,0.142,0.336,119.963,197309,4
634,201643,0.734,0.823,1,-3.888,0,0.089,0.27,0,0.108,0.718,103.991,201643,4
635,193358,0.731,0.848,8,-2.174,1,0.0906,0.111,0,0.0524,0.585,123.929,193359,4
636,216680,0.713,0.806,1,-2.562,0,0.11,0.143,0,0.21,0.702,110.01,216680,4
637,212577,0.735,0.932,6,-3.778,1,0.156,0.0488,0,0.407,0.771,120.056,212577,4
638,211506,0.643,0.901,1,-1.85,1,0.0362,0.000594,0,0.224,0.577,125.029,211507,4
639,211306,0.601,0.85,2,-3.47,1,0.0379,0.0431,0,0.0748,0.452,105.031,211307,4
640,204594,0.768,0.901,0,-1.865,1,0.102,0.215,1.95E-06,0.0369,0.841,151.972,204595,4
641,167853,0.554,0.846,0,-3.203,0,0.217,0.228,0,0.361,0.631,129.951,167853,4
642,213826,0.716,0.779,1,-2.203,1,0.0805,0.178,1.16E-06,0.167,0.59,99.977,213827,4
643,233280,0.835,0.934,1,-1.258,1,0.0431,0.125,0.000501,0.222,0.811,124.98,233280,4
644,239186,0.64,0.937,1,-2.112,1,0.0839,0.0069,0,0.393,0.316,107.013,239187,4
645,176720,0.781,0.8,2,-3.002,1,0.113,0.118,1.31E-06,0.0347,0.687,91.969,176720,4
646,190821,0.728,0.801,6,-4.428,0,0.0439,0.04,0,0.0415,0.656,123.953,190821,4
647,220173,0.69,0.783,2,-2.076,1,0.0641,0.0127,0,0.0962,0.306,82.026,220173,4
648,247106,0.756,0.839,0,-3.994,1,0.0299,0.193,0,0.101,0.702,110.989,247107,4
649,233986,0.75,0.914,11,-1.819,0,0.0518,0.0323,0,0.107,0.866,125.034,233987,4
650,192053,0.602,0.798,8,-2.992,0,0.0795,0.366,0,0.363,0.7,84.047,192053,4
651,314866,0.516,0.496,1,-5.784,1,0.029,0.517,0,0.147,0.314,75.621,314867,4
652,164693,0.785,0.719,3,-3.789,0,0.0546,0.146,0,0.359,0.747,120.031,164693,4
653,196702,0.751,0.767,7,-4.752,0,0.0577,0.353,2.71E-06,0.289,0.768,89.93,196702,4
654,211069,0.646,0.804,8,-4.372,1,0.0313,0.177,0,0.0886,0.69,145.986,211069,4
655,198866,0.785,0.748,11,-2.825,0,0.134,0.173,0,0.1,0.813,123.03,198867,4
656,186540,0.69,0.821,8,-5.131,1,0.0641,0.0387,0,0.183,0.916,95.984,186540,4
657,44747,0.629,0.393,7,-5.933,1,0.0377,0.625,0,0.111,0.523,94.823,44748,4
658,196702,0.815,0.811,3,-9.457,1,0.0584,0.323,0.488,0.128,0.503,90.009,196702,4
659,211069,0.628,0.76,8,-4.98,1,0.029,0.00665,0.935,0.0963,0.479,145.964,211069,4
660,194080,0.764,0.802,0,-4.217,1,0.0351,0.102,0,0.189,0.323,132.02,194080,4
661,179275,0.768,0.765,9,-3.487,1,0.0602,0.0299,0,0.0695,0.717,131.985,179276,4
662,191695,0.605,0.805,6,-3.212,1,0.0641,0.313,0,0.659,0.738,148.298,191696,4
663,213426,0.722,0.676,11,-5.885,0,0.0829,0.000835,1.20E-05,0.321,0.362,129.943,213427,4
664,189773,0.757,0.91,7,-3.953,1,0.0524,0.105,0,0.387,0.686,119.04,189773,4
665,212264,0.557,0.906,7,-3.109,0,0.103,0.19,0,0.0616,0.616,168.978,212265,4
666,180000,0.594,0.647,6,-4.347,1,0.0834,0.121,0,0.352,0.511,82.321,180001,4
667,178293,0.808,0.786,4,-3.842,0,0.0375,0.139,0,0.266,0.821,126.047,178293,4
668,206080,0.695,0.749,7,-4.187,0,0.0277,0.392,5.23E-05,0.104,0.458,129.905,206080,4
669,179866,0.819,0.709,4,-5.351,0,0.0382,0.314,0,0.13,0.638,126.001,179867,4
670,182224,0.705,0.849,0,-2.595,1,0.0493,0.0647,0,0.653,0.609,125.976,182224,4
671,195688,0.886,0.781,5,-1.837,0,0.333,0.0895,0,0.0715,0.672,104.996,195689,4
672,185520,0.613,0.73,10,-3.645,0,0.122,0.00875,2.25E-06,0.268,0.576,160.051,185520,4
673,182757,0.581,0.8,1,-2.613,1,0.411,0.154,0,0.0697,0.709,119.872,182758,5
674,167922,0.689,0.771,5,-3.618,1,0.0548,0.00776,0,0.521,0.482,157.052,167922,4
675,191964,0.812,0.89,6,-2.661,0,0.209,0.0961,0,0.0222,0.69,100.006,191965,4
676,183266,0.601,0.786,1,-3.706,1,0.234,0.213,0,0.209,0.79,172.156,183267,4
677,191013,0.465,0.756,8,-4.289,1,0.0508,0.0919,0,0.0522,0.176,173.944,191013,3
678,172320,0.896,0.88,9,-2.585,1,0.13,0.0618,0,0.212,0.613,110.016,172320,4
679,189906,0.707,0.74,11,-4.311,0,0.0509,0.179,0,0.612,0.336,127.974,189907,4
680,216706,0.603,0.664,11,-4.601,0,0.0914,0.0329,0,0.114,0.401,160.012,216707,4
681,229626,0.542,0.74,6,-2.635,0,0.0316,0.0177,0,0.267,0.336,133.901,229627,4
682,222893,0.436,0.482,4,-5.271,1,0.0309,0.586,9.83E-05,0.124,0.0955,143.831,222893,4
683,210040,0.56,0.723,1,-3.556,1,0.0562,0.137,0,0.13,0.408,149.977,210040,4
684,186066,0.679,0.659,2,-4.189,1,0.0569,0.00179,1.05E-06,0.262,0.649,113.061,186067,4
685,204215,0.62,0.63,1,-7.192,1,0.119,0.518,0.027,0.335,0.265,109.992,204216,4
686,230386,0.573,0.731,0,-2.667,1,0.0264,0.145,0,0.251,0.268,79.993,230387,4
687,232320,0.577,0.671,4,-6.506,0,0.0378,0.0716,1.59E-05,0.435,0.288,140.125,232320,3
688,208521,0.785,0.962,0,-2.683,1,0.137,0.236,0,0.255,0.949,128.042,208521,4
689,201137,0.601,0.879,6,-4.256,1,0.0491,0.224,0,0.162,0.404,112.972,201137,4
690,207151,0.747,0.819,9,-3.92,1,0.041,0.0347,0,0.297,0.488,114.987,207152,4
691,196898,0.66,0.949,7,-5.389,0,0.041,0.0307,0,0.68,0.962,124.983,196899,4
692,206920,0.674,0.852,2,-3.137,1,0.0566,0.049,0,0.33,0.77,117.07,206920,4
693,194602,0.571,0.878,0,-3.096,0,0.0511,0.00195,0,0.526,0.681,134.991,194602,4
694,200786,0.68,0.968,7,-0.696,0,0.0543,0.0327,0,0.188,0.869,113.079,200787,4
695,219490,0.801,0.582,7,-6.85,1,0.0325,0.282,0,0.0993,0.7,108.001,219490,4
696,211266,0.839,0.621,7,-3.717,1,0.0379,0.19,0,0.352,0.789,91.971,211267,4
697,202533,0.824,0.799,11,-3.984,0,0.0378,0.136,0,0.219,0.912,119.946,202533,4
698,231586,0.391,0.448,3,-5.331,1,0.0291,0.741,0,0.164,0.239,133.242,231587,4
699,247520,0.404,0.589,11,-4.043,1,0.029,0.714,0,0.115,0.143,135.87,247520,4
700,233640,0.327,0.543,3,-4.495,1,0.0313,0.528,0,0.126,0.214,67.596,233640,4
701,234106,0.336,0.433,4,-5.579,1,0.0353,0.65,0,0.129,0.28,153.746,234107,3
702,209933,0.566,0.591,9,-3.98,1,0.0413,0.471,0,0.102,0.75,90.925,209933,4
703,249213,0.603,0.734,11,-5.889,1,0.0456,0.0535,0,0.0846,0.601,136.015,249213,4
704,228280,0.652,0.815,0,-3.915,0,0.0387,0.233,0,0.225,0.764,159.92,228280,4
705,243520,0.317,0.566,7,-4.31,1,0.0304,0.617,0,0.245,0.418,137.013,243520,4
706,186666,0.67,0.355,11,-7.084,1,0.0315,0.825,1.09E-06,0.169,0.234,139.841,186667,3
707,227640,0.527,0.88,2,-3.896,1,0.0509,0.059,0,0.347,0.556,155.991,227640,4
708,264543,0.335,0.383,8,-5.044,1,0.0298,0.74,0,0.0988,0.149,147.636,264543,3
709,205683,0.531,0.478,8,-6.853,0,0.0528,0.753,0,0.103,0.408,143.81,205683,4
710,194360,0.558,0.478,0,-6.524,1,0.0283,0.732,0,0.12,0.26,95.035,194360,4
711,206995,0.585,0.504,8,-5.923,1,0.0252,0.806,0,0.141,0.331,84.064,206995,4
712,241933,0.381,0.39,8,-4.621,1,0.0303,0.785,0,0.146,0.317,129.358,241933,4
713,194775,0.496,0.731,8,-4.922,1,0.114,0.11,0,0.0998,0.439,177.688,194775,4
714,221840,0.553,0.483,11,-7.583,1,0.0899,0.73,0,0.22,0.486,85.784,221840,4
715,190899,0.65,0.751,7,-5.143,1,0.112,0.345,0,0.0739,0.439,93.92,190899,4
716,231426,0.581,0.273,0,-11.083,0,0.0282,0.836,0.000571,0.103,0.133,76.994,231427,4
717,225817,0.643,0.735,2,-3.703,1,0.0302,0.0786,0,0.101,0.502,111.961,225817,4
718,227739,0.334,0.528,2,-5.064,1,0.0291,0.366,0,0.0929,0.195,135.226,227739,4
719,203773,0.57,0.641,2,-2.3,0,0.0441,0.221,0,0.106,0.577,80.017,203773,4
720,214996,0.35,0.527,5,-7.907,0,0.0375,0.236,0,0.133,0.289,159.921,214996,3
721,204213,0.715,0.734,0,-4.359,1,0.0307,0.0543,0,0.191,0.704,119.954,204213,4
722,240466,0.534,0.588,3,-5.822,1,0.0309,0.0616,0,0.113,0.169,126.007,240467,4
723,225817,0.67,0.669,7,-6.116,1,0.0274,0.00107,0.768,0.104,0.563,111.998,225817,4
724,245546,0.312,0.262,4,-8.892,1,0.0301,0.698,0.0604,0.15,0.21,124.378,245547,4
725,190173,0.572,0.777,6,-4.27,0,0.0421,0.289,4.42E-06,0.141,0.665,81.983,190173,3
726,211949,0.697,0.713,8,-5.273,0,0.115,0.0153,0,0.0857,0.667,99.964,211949,4
727,191640,0.659,0.821,9,-2.215,0,0.0468,0.406,0,0.114,0.353,161.983,191640,4
728,211400,0.65,0.867,2,-3.332,1,0.0686,0.0287,0.000166,0.0488,0.161,115.918,211400,4
729,173920,0.643,0.609,1,-4.959,1,0.0813,0.00527,0,0.224,0.433,135.072,173920,4
730,208967,0.64,0.757,7,-5.532,1,0.0689,0.0261,0,0.127,0.413,104.943,208968,4
731,193546,0.48,0.813,10,-5.437,0,0.0575,0.00456,0,0.229,0.7,120.888,193547,4
732,182693,0.662,0.635,8,-6.399,1,0.116,0.0363,0,0.143,0.346,164.858,182693,4
733,182080,0.59,0.824,1,-3.787,0,0.0705,0.0467,0,0.468,0.527,83.056,182080,4
734,213733,0.584,0.682,9,-6.629,0,0.0474,0.0865,8.25E-05,0.111,0.503,145.884,213733,4
735,170386,0.835,0.587,8,-5.814,1,0.08,0.396,4.09E-06,0.0862,0.646,97.03,170387,4
736,204973,0.599,0.816,11,-3.412,0,0.0556,0.0911,2.17E-06,0.0961,0.399,106.962,204973,4
737,209157,0.36,0.565,7,-4.898,1,0.0608,0.358,0,0.0448,0.311,173.281,209157,4
738,209482,0.533,0.292,9,-7.1,1,0.0364,0.914,0,0.118,0.472,135.624,209482,4
739,238693,0.556,0.673,4,-4.913,1,0.0349,0.333,0,0.363,0.331,111.965,238693,4
740,223451,0.445,0.528,10,-7.243,1,0.0744,0.677,0,0.155,0.511,203.155,223452,4
741,233413,0.74,0.854,8,-2.209,1,0.0525,0.0783,0.000532,0.253,0.856,114.029,233413,4
742,206038,0.506,0.788,9,-2.372,1,0.0324,0.0666,0,0.324,0.233,89.993,206039,4
743,196000,0.694,0.698,9,-3.677,0,0.0353,0.453,0,0.144,0.484,138.821,196000,4
744,190693,0.435,0.287,7,-9.388,0,0.041,0.873,0,0.223,0.228,144.714,190693,4
745,201106,0.845,0.884,0,-3.419,1,0.216,0.291,0.00129,0.173,0.78,95,201107,4
746,177413,0.823,0.923,9,-2.875,1,0.158,0.127,0,0.0571,0.629,122.922,177413,4
747,199920,0.878,0.71,10,-5.127,1,0.0473,0.367,0,0.099,0.888,119.991,199920,4
748,198293,0.688,0.861,5,-2.789,0,0.0455,0.203,1.47E-06,0.127,0.875,148.065,198293,4
749,198266,0.754,0.666,2,-4.187,1,0.0345,0.229,0,0.113,0.555,118.915,198267,4
750,267742,0.674,0.763,4,-3.959,1,0.0602,0.539,0,0.178,0.572,99.994,267742,4
751,217280,0.767,0.603,7,-4.103,1,0.0353,0.401,0,0.121,0.478,89.999,217280,4
752,186400,0.64,0.868,1,-3.29,0,0.307,0.126,0,0.0494,0.656,186.062,186400,4
753,244026,0.65,0.738,2,-4.706,1,0.042,0.266,0,0.093,0.322,105.083,244027,4
754,208466,0.722,0.784,1,-2.411,0,0.0408,0.049,0,0.0895,0.705,99.985,208467,4
755,164546,0.699,0.886,1,-3.398,1,0.0909,0.133,5.17E-05,0.393,0.682,126.203,164547,4
756,190466,0.622,0.69,11,-4.924,0,0.0773,0.167,0,0.0999,0.48,144.777,190467,4
757,207133,0.784,0.721,6,-2.571,0,0.0453,0.154,0,0.238,0.915,112.013,207133,4
758,282066,0.614,0.953,2,-1.921,0,0.0517,0.00783,0.000269,0.0996,0.669,124.968,282067,4
759,229560,0.758,0.811,0,-3.881,0,0.0414,0.244,0,0.109,0.74,109.97,229560,4
760,278615,0.691,0.864,6,-1.53,0,0.0786,0.00555,2.09E-06,0.234,0.487,127.98,278616,4
761,240880,0.672,0.967,5,-2.239,0,0.321,0.0807,0.00469,0.0924,0.563,154.116,240880,4
762,203684,0.676,0.625,1,-7.733,0,0.0592,0.312,0,0.105,0.36,139.973,203685,4
763,176000,0.738,0.629,7,-4.734,0,0.0471,0.291,0,0.153,0.429,134.035,176000,4
764,173240,0.52,0.805,8,-3.706,1,0.0551,0.0451,0,0.0935,0.496,176.103,173240,4
765,198053,0.808,0.903,9,-2.179,1,0.0729,0.0899,0,0.0816,0.922,120.044,198053,4
766,208240,0.574,0.909,8,-1.573,1,0.0658,0.0987,0,0.264,0.569,169.966,208240,4
767,180320,0.746,0.78,1,-3.279,1,0.0563,0.401,4.08E-06,0.0895,0.607,125.089,180320,4
768,213880,0.697,0.874,5,-2.15,0,0.0449,0.0122,0,0.627,0.775,132.018,213880,4
769,177466,0.772,0.907,3,-2.438,0,0.124,0.136,0,0.334,0.783,119.973,177467,4
770,181680,0.756,0.831,5,-2.536,0,0.141,0.0966,0,0.0499,0.703,113.025,181680,4
771,205493,0.657,0.88,10,-3.672,0,0.102,0.121,0,0.463,0.769,150.084,205493,4
772,206866,0.708,0.959,1,-1.338,1,0.0604,0.0296,0.00188,0.107,0.644,128.981,206867,4
773,204167,0.702,0.692,10,-5.405,1,0.0539,0.0542,0,0.0877,0.419,144.896,204168,4
774,232150,0.751,0.719,6,-5.198,0,0.0373,0.142,0,0.148,0.437,98.01,232150,4
775,185440,0.66,0.812,11,-5.355,0,0.127,0.038,0,0.131,0.644,160.002,185440,4
776,212720,0.671,0.667,11,-4.63,0,0.0518,0.18,0,0.202,0.396,93.043,212720,4
777,227826,0.828,0.852,1,-2.334,1,0.0667,0.0199,0,0.107,0.772,123.043,227827,4
778,198680,0.791,0.821,11,-3.329,0,0.0414,0.214,0,0.0828,0.742,115.076,198680,4
779,232694,0.742,0.749,6,-5.06,0,0.0378,0.232,0,0.119,0.485,98.013,232694,4
780,230773,0.643,0.862,2,-3.166,1,0.0744,0.0268,0,0.0801,0.318,90.025,230773,4
781,212720,0.677,0.635,11,-4.669,0,0.0343,0.189,0,0.211,0.505,93.038,212720,4
782,199666,0.701,0.787,11,-2.56,0,0.0523,0.137,0,0.147,0.537,102.018,199667,4
783,190333,0.746,0.774,5,-3.39,0,0.0379,0.137,0,0.102,0.815,98.007,190333,4
784,193933,0.46,0.316,8,-6.366,1,0.0317,0.861,0,0.111,0.51,128.913,193933,4
785,261013,0.365,0.626,7,-4.247,1,0.0374,0.648,6.06E-06,0.115,0.249,83.823,261013,4
786,231340,0.612,0.519,9,-5.568,1,0.0391,0.478,0,0.189,0.537,80.882,231341,4
787,244546,0.624,0.521,8,-3.11,1,0.0365,0.805,0,0.112,0.382,151.759,244547,3
788,219631,0.59,0.481,1,-7.744,1,0.0286,0.514,1.05E-06,0.138,0.228,103.066,219632,4
789,182653,0.415,0.532,7,-2.928,1,0.037,0.253,0,0.344,0.123,188.781,182653,3
790,198749,0.68,0.391,11,-6.906,1,0.0357,0.723,0,0.107,0.419,82.861,198750,4
791,168960,0.644,0.879,5,-1.761,0,0.0689,0.136,0,0.164,0.658,81.025,168960,4
792,210733,0.48,0.584,5,-4.263,0,0.0441,0.606,0,0.203,0.349,115.879,210733,3
793,198173,0.75,0.846,2,-3.206,1,0.0358,0.204,1.21E-05,0.381,0.669,99.975,198173,4
794,195667,0.652,0.959,6,-0.266,1,0.0617,0.123,0,0.311,0.779,112.04,195668,4
795,181106,0.703,0.914,6,-0.692,1,0.157,0.365,0,0.104,0.707,124.203,181107,4
796,222581,0.692,0.969,7,-3.213,0,0.0678,0.167,0,0.301,0.762,111.495,222582,4
797,187466,0.664,0.887,7,-2.331,0,0.0841,0.174,0,0.0894,0.718,121.092,187467,4
798,224930,0.729,0.928,7,-3.028,1,0.054,0.054,0,0.36,0.618,115.998,224931,4
799,218093,0.752,0.878,7,-3.257,0,0.0376,0.102,0,0.0494,0.691,111.984,218094,4
800,217066,0.679,0.931,7,-1.957,1,0.0945,0.0942,0.000471,0.361,0.673,123.939,217067,4
801,208047,0.717,0.929,6,-2.414,1,0.132,0.119,0,0.541,0.773,127.024,208047,4
802,225709,0.716,0.916,7,-1.994,0,0.0799,0.0732,0,0.379,0.66,118.033,225709,4
803,183787,0.692,0.946,7,-1.039,1,0.0587,0.0635,5.45E-05,0.186,0.535,129.079,183787,4
804,181625,0.456,0.702,4,-6.183,1,0.0956,0.175,0,0.24,0.728,200.015,181625,4
805,184493,0.686,0.637,1,-5.003,1,0.0394,0.0287,0,0.663,0.416,129.994,184493,4
806,306520,0.432,0.622,4,-4.007,1,0.0304,0.383,0,0.139,0.304,75.193,306520,4
807,202924,0.673,0.791,0,-3.824,1,0.188,0.162,0,0.147,0.65,100.064,202925,4
808,271839,0.347,0.52,6,-6.027,1,0.0292,0.587,0,0.0996,0.229,136.311,271840,4
809,223013,0.723,0.891,6,-3.032,0,0.0569,0.112,0,0.132,0.725,104.999,223013,4
810,219319,0.404,0.679,6,-4.391,1,0.0368,0.0175,0.000112,0.215,0.282,174.039,219320,4
811,209373,0.743,0.829,5,-2.175,0,0.0404,0.0378,6.20E-06,0.38,0.354,113.979,209373,4
812,190746,0.643,0.775,0,-3.344,0,0.0556,0.143,0,0.133,0.7,92.033,190747,4
813,228906,0.528,0.541,1,-5.027,1,0.0272,0.64,0,0.165,0.351,133.94,228907,4
814,228426,0.411,0.588,4,-7.347,1,0.0362,0.246,0.000598,0.335,0.299,179.261,228427,4
815,279066,0.495,0.491,7,-7.214,1,0.0302,0.461,1.13E-05,0.139,0.24,138.027,279066,4
816,259829,0.507,0.364,1,-8.077,1,0.0284,0.546,0.00273,0.093,0.212,121.935,259830,4
817,268813,0.496,0.546,1,-6.384,1,0.0396,0.582,0,0.0916,0.344,137.864,268813,4
818,202666,0.55,0.807,11,-3.852,1,0.041,0.229,6.04E-06,0.297,0.498,142.01,202667,4
819,249793,0.471,0.532,10,-6.073,1,0.03,0.549,0,0.152,0.294,133.811,249793,4
820,192292,0.59,0.182,4,-14.803,1,0.0354,0.821,0.0526,0.118,0.394,74.612,192292,4
821,209808,0.553,0.889,2,-3.387,1,0.241,0.622,0,0.0851,0.742,99.329,209808,4
822,226168,0.63,0.477,4,-8.508,1,0.0248,0.539,0.000226,0.118,0.192,100.012,226169,4
823,133900,0.291,0.17,2,-10.678,1,0.0332,0.978,3.88E-05,0.0793,0.313,104.814,133901,5
824,196049,0.736,0.712,5,-5.068,0,0.0339,0.0869,0,0.124,0.636,100.987,196049,4
825,275502,0.566,0.0976,7,-11.58,0,0.0453,0.986,0.0169,0.11,0.202,111.309,275502,3
826,241353,0.647,0.768,0,-4.757,1,0.0385,0.639,0,0.0868,0.351,96.952,241353,4
827,212333,0.587,0.521,11,-7.667,1,0.0299,0.493,0,0.125,0.501,172.017,212334,4
828,226168,0.623,0.461,4,-11.593,1,0.0311,0.302,0.789,0.118,0.173,99.988,226169,4
829,196049,0.763,0.572,0,-8.047,0,0.0251,0.00021,0.86,0.099,0.424,100.996,196049,4
830,314531,0.318,0.335,2,-5.808,0,0.0325,0.833,0,0.124,0.0518,139.145,314532,4
831,349849,0.319,0.478,9,-4.807,1,0.0348,0.771,0,0.122,0.243,131.739,349850,4